,time,open,high,low,close,tick_volume,spread,real_volume
0,2025-03-10 02:00:00,2916.57,2918.01,2913.01,2913.79,2743,6,0
1,2025-03-10 03:00:00,2913.86,2918.22,2911.31,2912.16,3559,9,0
2,2025-03-10 04:00:00,2912.18,2914.52,2909.49,2911.56,3062,9,0
3,2025-03-10 05:00:00,2911.48,2913.63,2908.16,2911.02,2985,5,0
4,2025-03-10 06:00:00,2911.0,2912.63,2910.26,2910.99,2042,8,0
5,2025-03-10 07:00:00,2910.9,2911.95,2906.97,2909.89,2990,5,0
6,2025-03-10 08:00:00,2909.92,2914.54,2909.24,2914.39,3159,10,0
7,2025-03-10 09:00:00,2914.68,2915.37,2904.37,2908.36,3901,5,0
8,2025-03-10 10:00:00,2907.99,2910.64,2897.54,2897.8,4177,7,0
9,2025-03-10 11:00:00,2897.67,2915.32,2896.81,2911.23,3955,5,0
10,2025-03-10 12:00:00,2911.19,2911.26,2898.31,2902.87,3758,5,0
11,2025-03-10 13:00:00,2902.89,2904.65,2895.7,2903.97,3930,5,0
12,2025-03-10 14:00:00,2903.75,2907.56,2900.4,2906.56,4563,7,0
13,2025-03-10 15:00:00,2906.72,2908.64,2897.68,2903.77,4799,5,0
14,2025-03-10 16:00:00,2903.4,2909.09,2900.99,2908.07,5191,5,0
15,2025-03-10 17:00:00,2908.36,2910.52,2900.61,2904.52,4702,6,0
16,2025-03-10 18:00:00,2904.36,2906.79,2895.88,2895.9,4334,6,0
17,2025-03-10 19:00:00,2895.88,2896.08,2882.71,2886.07,4769,5,0
18,2025-03-10 20:00:00,2886.06,2889.47,2880.3,2885.54,4156,5,0
19,2025-03-10 21:00:00,2885.21,2890.93,2880.28,2885.22,4344,5,0
20,2025-03-10 22:00:00,2885.23,2889.43,2884.18,2889.24,1572,6,0
21,2025-03-11 00:00:00,2888.27,2890.17,2884.04,2884.75,1415,5,0
22,2025-03-11 01:00:00,2884.76,2885.82,2882.4,2884.55,1226,5,0
23,2025-03-11 02:00:00,2884.53,2888.65,2884.16,2887.31,2768,5,0
24,2025-03-11 03:00:00,2887.44,2890.97,2880.26,2890.65,3379,5,0
25,2025-03-11 04:00:00,2890.63,2900.49,2889.93,2899.02,3293,5,0
26,2025-03-11 05:00:00,2899.05,2899.34,2895.16,2896.97,2560,5,0
27,2025-03-11 06:00:00,2896.95,2898.62,2895.69,2897.74,1689,6,0
28,2025-03-11 07:00:00,2897.73,2899.08,2892.81,2895.69,2572,7,0
29,2025-03-11 08:00:00,2895.93,2902.8,2893.5,2902.26,2965,6,0
30,2025-03-11 09:00:00,2902.26,2903.49,2897.56,2900.99,3020,5,0
31,2025-03-11 10:00:00,2901.22,2910.28,2900.41,2909.96,3108,5,0
32,2025-03-11 11:00:00,2909.97,2912.35,2908.69,2911.75,3459,11,0
33,2025-03-11 12:00:00,2911.77,2914.43,2910.94,2911.94,3008,6,0
34,2025-03-11 13:00:00,2911.95,2915.3,2910.73,2913.68,3027,12,0
35,2025-03-11 14:00:00,2913.61,2915.91,2910.53,2913.08,3671,6,0
36,2025-03-11 15:00:00,2913.11,2922.03,2906.95,2917.53,4478,5,0
37,2025-03-11 16:00:00,2916.58,2920.92,2911.97,2914.05,4495,6,0
38,2025-03-11 17:00:00,2914.07,2919.82,2913.93,2916.88,4084,8,0
39,2025-03-11 18:00:00,2916.82,2918.13,2915.13,2916.98,3448,5,0
40,2025-03-11 19:00:00,2917.04,2920.45,2914.02,2917.8,3621,8,0
41,2025-03-11 20:00:00,2917.76,2919.57,2915.15,2918.27,3028,7,0
42,2025-03-11 21:00:00,2918.29,2921.34,2917.51,2918.34,3300,5,0
43,2025-03-11 22:00:00,2918.19,2918.92,2915.15,2915.5,1429,5,0
44,2025-03-12 00:00:00,2915.81,2918.13,2914.43,2917.62,1423,5,0
45,2025-03-12 01:00:00,2917.65,2919.58,2915.5,2915.53,935,7,0
46,2025-03-12 02:00:00,2915.57,2915.57,2912.16,2914.22,1952,9,0
47,2025-03-12 03:00:00,2914.15,2917.28,2910.88,2914.92,3542,9,0
48,2025-03-12 04:00:00,2914.75,2918.22,2914.0,2916.23,2966,13,0
49,2025-03-12 05:00:00,2916.24,2919.84,2914.89,2914.99,2404,11,0
50,2025-03-12 06:00:00,2915.07,2916.07,2912.57,2914.98,1983,10,0
51,2025-03-12 07:00:00,2915.01,2916.57,2912.05,2916.03,3045,14,0
52,2025-03-12 08:00:00,2916.11,2921.14,2911.35,2911.88,3292,5,0
53,2025-03-12 09:00:00,2911.88,2915.63,2909.02,2914.42,3768,8,0
54,2025-03-12 10:00:00,2914.37,2922.18,2914.06,2922.1,3974,5,0
55,2025-03-12 11:00:00,2922.33,2925.47,2913.72,2914.82,3816,6,0
56,2025-03-12 12:00:00,2914.48,2917.0,2912.78,2914.34,3272,7,0
57,2025-03-12 13:00:00,2914.26,2916.63,2912.65,2915.3,3293,10,0
58,2025-03-12 14:00:00,2915.17,2923.12,2912.2,2917.49,4237,5,0
59,2025-03-12 15:00:00,2917.17,2918.75,2905.97,2915.61,5042,5,0
60,2025-03-12 16:00:00,2915.61,2922.43,2914.27,2921.85,4707,6,0
61,2025-03-12 17:00:00,2921.9,2929.36,2921.42,2928.26,4582,5,0
62,2025-03-12 18:00:00,2928.35,2939.12,2927.92,2936.54,4613,5,0
63,2025-03-12 19:00:00,2936.21,2940.63,2935.85,2936.05,3951,5,0
64,2025-03-12 20:00:00,2935.99,2937.45,2933.77,2935.25,3534,5,0
65,2025-03-12 21:00:00,2935.16,2935.72,2930.96,2931.33,4009,6,0
66,2025-03-12 22:00:00,2931.19,2934.23,2930.7,2933.31,1398,5,0
67,2025-03-13 00:00:00,2934.46,2938.89,2933.51,2938.0,1356,5,0
68,2025-03-13 01:00:00,2938.06,2939.31,2934.66,2938.07,1576,8,0
69,2025-03-13 02:00:00,2938.02,2939.29,2937.58,2938.56,1401,10,0
70,2025-03-13 03:00:00,2938.66,2941.55,2936.47,2937.89,2946,5,0
71,2025-03-13 04:00:00,2937.89,2946.04,2937.54,2944.23,2744,9,0
72,2025-03-13 05:00:00,2944.28,2947.13,2943.03,2945.63,2333,5,0
73,2025-03-13 06:00:00,2945.47,2946.18,2943.47,2944.7,1939,8,0
74,2025-03-13 07:00:00,2944.72,2945.15,2938.24,2940.03,2929,5,0
75,2025-03-13 08:00:00,2940.03,2940.28,2935.36,2937.02,3151,9,0
76,2025-03-13 09:00:00,2937.0,2938.05,2932.99,2935.24,3116,7,0
77,2025-03-13 10:00:00,2935.2,2944.99,2934.81,2941.57,3370,11,0
78,2025-03-13 11:00:00,2941.39,2948.83,2941.02,2947.77,3137,11,0
79,2025-03-13 12:00:00,2947.79,2948.52,2942.15,2944.03,3281,6,0
80,2025-03-13 13:00:00,2944.03,2948.49,2944.03,2946.3,3372,12,0
81,2025-03-13 14:00:00,2946.31,2949.17,2941.04,2942.31,4259,7,0
82,2025-03-13 15:00:00,2942.1,2952.35,2939.27,2950.35,4712,5,0
83,2025-03-13 16:00:00,2950.32,2971.11,2949.73,2969.85,4838,6,0
84,2025-03-13 17:00:00,2970.15,2978.47,2966.46,2977.75,5077,5,0
85,2025-03-13 18:00:00,2977.9,2985.25,2976.74,2980.1,4758,5,0
86,2025-03-13 19:00:00,2980.2,2982.19,2976.38,2979.49,4244,5,0
87,2025-03-13 20:00:00,2979.26,2984.41,2979.12,2983.3,3445,6,0
88,2025-03-13 21:00:00,2983.27,2985.46,2980.58,2982.83,3572,5,0
89,2025-03-13 22:00:00,2982.93,2989.1,2981.17,2988.8,1796,5,0
90,2025-03-14 00:00:00,2989.38,2989.78,2983.03,2987.26,1681,5,0
91,2025-03-14 01:00:00,2987.26,2989.26,2985.39,2986.45,1568,6,0
92,2025-03-14 02:00:00,2986.06,2988.7,2984.88,2986.73,2366,5,0
93,2025-03-14 03:00:00,2986.8,2990.2,2981.69,2987.88,4424,8,0
94,2025-03-14 04:00:00,2987.92,2988.14,2983.95,2984.18,3384,9,0
95,2025-03-14 05:00:00,2984.19,2992.94,2983.96,2992.62,3035,13,0
96,2025-03-14 06:00:00,2992.78,2993.91,2984.37,2985.48,2770,11,0
97,2025-03-14 07:00:00,2985.43,2986.57,2981.91,2986.29,3368,5,0
98,2025-03-14 08:00:00,2986.29,2987.48,2981.22,2985.62,3634,6,0
99,2025-03-14 09:00:00,2985.16,2987.02,2980.84,2986.96,3613,5,0
100,2025-03-14 10:00:00,2986.72,2993.2,2985.18,2992.9,3490,5,0
101,2025-03-14 11:00:00,2992.89,2999.45,2992.69,2998.81,3745,7,0
102,2025-03-14 12:00:00,2998.81,3004.85,2986.59,2993.25,4100,5,0
103,2025-03-14 13:00:00,2993.25,2999.09,2993.25,2993.42,4002,11,0
104,2025-03-14 14:00:00,2993.88,2999.62,2993.37,2993.76,4321,9,0
105,2025-03-14 15:00:00,2993.78,2996.03,2983.39,2985.35,5038,6,0
106,2025-03-14 16:00:00,2985.97,2993.39,2982.04,2985.28,5001,5,0
107,2025-03-14 17:00:00,2985.37,2986.3,2978.45,2984.6,4297,5,0
108,2025-03-14 18:00:00,2984.46,2989.95,2982.99,2989.75,4033,5,0
109,2025-03-14 19:00:00,2989.67,2990.38,2986.36,2986.56,3708,5,0
110,2025-03-14 20:00:00,2986.68,2987.0,2983.27,2983.54,3332,8,0
111,2025-03-14 21:00:00,2983.5,2986.05,2982.28,2984.0,3216,5,0
112,2025-03-14 22:00:00,2984.0,2988.85,2981.67,2986.24,1367,5,0
113,2025-03-17 00:00:00,2983.84,2990.61,2983.84,2989.04,2176,6,0
114,2025-03-17 01:00:00,2989.11,2994.02,2988.29,2990.05,1290,10,0
115,2025-03-17 02:00:00,2990.06,2991.08,2986.41,2990.8,1714,9,0
116,2025-03-17 03:00:00,2990.79,2993.05,2988.67,2990.8,3209,5,0
117,2025-03-17 04:00:00,2990.73,2991.9,2987.05,2988.21,2474,14,0
118,2025-03-17 05:00:00,2988.2,2988.66,2985.29,2986.9,2174,14,0
119,2025-03-17 06:00:00,2986.93,2987.91,2982.37,2982.58,1863,5,0
120,2025-03-17 07:00:00,2982.82,2986.17,2982.22,2986.04,1944,12,0
121,2025-03-17 08:00:00,2986.09,2990.72,2985.38,2989.84,2379,8,0
122,2025-03-17 09:00:00,2989.55,2990.05,2984.04,2985.47,2609,8,0
123,2025-03-17 10:00:00,2985.32,2988.38,2983.04,2988.38,2628,9,0
124,2025-03-17 11:00:00,2988.39,2996.84,2987.57,2995.67,2924,7,0
125,2025-03-17 12:00:00,2995.66,2999.49,2994.79,2999.01,2577,5,0
126,2025-03-17 13:00:00,2999.01,3001.19,2996.61,2997.39,2703,5,0
127,2025-03-17 14:00:00,2997.44,2997.86,2984.8,2987.17,4183,5,0
128,2025-03-17 15:00:00,2987.18,2991.4,2986.04,2988.35,4400,5,0
129,2025-03-17 16:00:00,2988.21,3000.59,2987.16,2998.7,4501,8,0
130,2025-03-17 17:00:00,2998.62,2999.34,2992.92,2997.14,3655,6,0
131,2025-03-17 18:00:00,2997.15,2997.69,2992.95,2994.44,3580,5,0
132,2025-03-17 19:00:00,2994.55,2999.41,2994.55,2997.76,3011,5,0
133,2025-03-17 20:00:00,2997.76,3000.31,2996.83,2999.36,3245,12,0
134,2025-03-17 21:00:00,2999.34,3000.83,2997.7,3000.26,2778,5,0
135,2025-03-17 22:00:00,3000.21,3001.99,3000.11,3001.02,1186,10,0
136,2025-03-18 00:00:00,3000.79,3002.01,2999.94,3000.2,793,10,0
137,2025-03-18 01:00:00,3000.2,3002.73,2999.7,2999.7,956,12,0
138,2025-03-18 02:00:00,2999.89,3003.51,2999.65,3001.58,2161,11,0
139,2025-03-18 03:00:00,3001.57,3008.35,2999.56,3005.64,4025,5,0
140,2025-03-18 04:00:00,3005.64,3012.16,3002.87,3010.92,3087,9,0
141,2025-03-18 05:00:00,3010.86,3015.04,3009.7,3011.34,2973,5,0
142,2025-03-18 06:00:00,3011.33,3017.08,3011.23,3014.53,2200,14,0
143,2025-03-18 07:00:00,3014.45,3014.8,3006.12,3012.03,3155,5,0
144,2025-03-18 08:00:00,3012.06,3017.65,3010.7,3015.64,3415,6,0
145,2025-03-18 09:00:00,3015.55,3018.87,3014.44,3016.45,3151,5,0
146,2025-03-18 10:00:00,3016.41,3027.3,3016.38,3026.49,3837,5,0
147,2025-03-18 11:00:00,3026.92,3028.48,3018.11,3020.21,3801,6,0
148,2025-03-18 12:00:00,3019.92,3025.74,3019.48,3023.9,3774,6,0
149,2025-03-18 13:00:00,3023.92,3029.45,3022.41,3026.81,3378,6,0
150,2025-03-18 14:00:00,3026.77,3035.75,3026.77,3034.3,4333,5,0
151,2025-03-18 15:00:00,3034.36,3038.26,3026.28,3033.23,5252,5,0
152,2025-03-18 16:00:00,3032.72,3033.05,3024.85,3027.9,5385,5,0
153,2025-03-18 17:00:00,3027.93,3032.57,3025.24,3031.7,4767,6,0
154,2025-03-18 18:00:00,3031.66,3036.93,3030.47,3036.01,4292,5,0
155,2025-03-18 19:00:00,3036.08,3036.34,3029.76,3032.57,3837,9,0
156,2025-03-18 20:00:00,3032.63,3036.29,3032.45,3035.8,3327,10,0
157,2025-03-18 21:00:00,3035.56,3037.89,3035.16,3035.54,3278,9,0
158,2025-03-18 22:00:00,3035.58,3035.9,3033.38,3033.76,1209,5,0
159,2025-03-19 00:00:00,3033.98,3034.73,3032.64,3034.53,848,9,0
160,2025-03-19 01:00:00,3034.56,3035.17,3031.57,3031.82,1082,12,0
161,2025-03-19 02:00:00,3031.77,3033.99,3030.52,3031.42,1394,8,0
162,2025-03-19 03:00:00,3031.61,3032.69,3027.4,3029.41,2441,12,0
163,2025-03-19 04:00:00,3029.36,3033.77,3029.01,3033.38,2841,13,0
164,2025-03-19 05:00:00,3033.42,3038.89,3032.41,3036.35,2537,13,0
165,2025-03-19 06:00:00,3036.13,3037.58,3034.24,3036.43,2077,13,0
166,2025-03-19 07:00:00,3036.49,3045.32,3036.49,3044.5,3012,5,0
167,2025-03-19 08:00:00,3044.51,3044.74,3034.52,3042.02,3714,6,0
168,2025-03-19 09:00:00,3042.0,3042.9,3035.64,3035.86,3668,10,0
169,2025-03-19 10:00:00,3035.82,3037.01,3024.75,3025.14,3426,8,0
170,2025-03-19 11:00:00,3025.08,3031.4,3022.89,3030.35,2884,5,0
171,2025-03-19 12:00:00,3030.38,3037.86,3028.36,3034.54,2673,5,0
172,2025-03-19 13:00:00,3034.49,3040.01,3033.79,3038.82,2444,5,0
173,2025-03-19 14:00:00,3038.8,3041.15,3036.54,3037.15,3088,5,0
174,2025-03-19 15:00:00,3037.2,3038.25,3027.67,3033.26,4625,7,0
175,2025-03-19 16:00:00,3032.98,3032.98,3025.98,3027.59,4402,5,0
176,2025-03-19 17:00:00,3027.52,3032.83,3026.89,3031.48,3608,7,0
177,2025-03-19 18:00:00,3031.51,3038.27,3031.34,3033.04,3550,6,0
178,2025-03-19 19:00:00,3033.13,3034.09,3029.47,3030.56,3476,6,0
179,2025-03-19 20:00:00,3029.6,3048.35,3028.93,3046.75,4675,5,0
180,2025-03-19 21:00:00,3047.16,3051.84,3041.07,3047.95,4293,7,0
181,2025-03-19 22:00:00,3047.62,3048.12,3044.04,3047.16,1614,5,0
182,2025-03-20 00:00:00,3048.35,3050.53,3046.94,3050.2,1409,9,0
183,2025-03-20 01:00:00,3050.2,3051.33,3048.78,3050.1,1141,15,0
184,2025-03-20 02:00:00,3050.11,3055.41,3050.11,3053.27,2767,5,0
185,2025-03-20 03:00:00,3053.26,3056.03,3049.5,3049.68,4028,14,0
186,2025-03-20 04:00:00,3049.59,3052.14,3045.04,3045.66,3468,13,0
187,2025-03-20 05:00:00,3045.8,3050.43,3045.43,3050.05,2999,13,0
188,2025-03-20 06:00:00,3050.06,3057.26,3048.22,3052.52,2628,10,0
189,2025-03-20 07:00:00,3052.52,3053.56,3044.91,3046.71,3469,14,0
190,2025-03-20 08:00:00,3046.85,3051.48,3045.64,3049.04,3351,5,0
191,2025-03-20 09:00:00,3048.96,3048.96,3041.8,3042.28,3283,5,0
192,2025-03-20 10:00:00,3042.23,3044.01,3038.52,3041.78,3726,13,0
193,2025-03-20 11:00:00,3041.58,3046.25,3040.7,3041.49,3579,5,0
194,2025-03-20 12:00:00,3041.49,3041.49,3025.52,3034.18,4393,5,0
195,2025-03-20 13:00:00,3034.15,3035.08,3029.36,3034.42,3818,5,0
196,2025-03-20 14:00:00,3034.46,3042.32,3033.39,3040.89,4200,10,0
197,2025-03-20 15:00:00,3040.85,3041.07,3029.99,3032.52,4943,14,0
198,2025-03-20 16:00:00,3032.27,3040.84,3030.63,3040.21,4809,10,0
199,2025-03-20 17:00:00,3040.17,3041.86,3037.62,3040.74,4230,10,0
200,2025-03-20 18:00:00,3040.74,3042.98,3034.04,3038.32,4057,9,0
201,2025-03-20 19:00:00,3038.33,3041.88,3034.88,3041.73,3512,5,0
202,2025-03-20 20:00:00,3041.73,3045.37,3040.96,3043.28,3490,5,0
203,2025-03-20 21:00:00,3043.24,3046.05,3043.24,3044.56,3258,5,0
204,2025-03-20 22:00:00,3044.73,3045.75,3044.07,3044.47,1373,19,0
205,2025-03-21 00:00:00,3044.36,3045.97,3043.48,3045.75,620,9,0
206,2025-03-21 01:00:00,3045.7,3046.58,3044.37,3046.28,841,15,0
207,2025-03-21 02:00:00,3046.34,3047.39,3042.35,3042.83,1820,15,0
208,2025-03-21 03:00:00,3042.87,3044.6,3035.94,3035.94,3354,6,0
209,2025-03-21 04:00:00,3036.2,3036.99,3033.86,3034.7,2891,15,0
210,2025-03-21 05:00:00,3034.71,3034.71,3030.01,3030.53,2897,8,0
211,2025-03-21 06:00:00,3030.49,3032.0,3027.95,3029.81,2301,11,0
212,2025-03-21 07:00:00,3029.83,3030.41,3021.59,3028.01,2964,5,0
213,2025-03-21 08:00:00,3028.02,3033.97,3027.48,3029.82,3110,6,0
214,2025-03-21 09:00:00,3029.85,3033.39,3028.09,3031.9,3004,6,0
215,2025-03-21 10:00:00,3031.97,3034.72,3027.23,3033.05,3444,10,0
216,2025-03-21 11:00:00,3032.76,3033.12,3027.88,3029.67,3045,10,0
217,2025-03-21 12:00:00,3029.59,3033.35,3029.59,3030.83,2633,5,0
218,2025-03-21 13:00:00,3030.84,3037.57,3028.92,3034.24,3219,8,0
219,2025-03-21 14:00:00,3034.24,3038.08,3033.52,3034.04,3748,13,0
220,2025-03-21 15:00:00,3033.9,3036.79,3004.2,3006.66,4809,7,0
221,2025-03-21 16:00:00,3006.68,3016.74,2999.55,3015.77,5089,11,0
222,2025-03-21 17:00:00,3015.91,3017.89,3009.99,3011.02,4325,5,0
223,2025-03-21 18:00:00,3010.89,3016.78,3010.62,3015.13,3893,11,0
224,2025-03-21 19:00:00,3015.13,3018.23,3012.92,3013.68,3424,7,0
225,2025-03-21 20:00:00,3013.7,3021.59,3013.5,3017.47,2973,5,0
226,2025-03-21 21:00:00,3017.38,3021.93,3015.92,3020.02,3423,15,0
227,2025-03-21 22:00:00,3020.13,3024.2,3019.97,3022.94,1568,5,0
228,2025-03-24 00:00:00,3023.36,3026.05,3022.43,3025.54,1923,9,0
229,2025-03-24 01:00:00,3025.49,3026.15,3023.21,3024.69,1336,7,0
230,2025-03-24 02:00:00,3024.44,3025.47,3017.19,3018.57,2707,6,0
231,2025-03-24 03:00:00,3018.47,3025.66,3018.42,3020.84,3961,14,0
232,2025-03-24 04:00:00,3021.04,3024.47,3013.62,3016.31,3176,11,0
233,2025-03-24 05:00:00,3016.2,3019.81,3015.71,3016.99,2576,15,0
234,2025-03-24 06:00:00,3017.05,3020.11,3016.5,3019.49,1863,8,0
235,2025-03-24 07:00:00,3019.48,3023.17,3018.96,3022.12,2775,11,0
236,2025-03-24 08:00:00,3021.99,3025.63,3017.31,3025.1,2902,5,0
237,2025-03-24 09:00:00,3024.87,3028.9,3021.03,3022.37,3549,5,0
238,2025-03-24 10:00:00,3022.23,3028.94,3021.86,3028.77,3950,11,0
239,2025-03-24 11:00:00,3029.13,3031.03,3022.71,3023.61,3787,5,0
240,2025-03-24 12:00:00,3023.72,3033.22,3023.47,3028.15,3953,6,0
241,2025-03-24 13:00:00,3028.05,3029.22,3024.37,3024.61,3184,5,0
242,2025-03-24 14:00:00,3024.51,3028.65,3022.47,3024.25,3650,5,0
243,2025-03-24 15:00:00,3024.2,3028.27,3019.14,3022.79,4565,5,0
244,2025-03-24 16:00:00,3022.37,3024.04,3007.99,3012.12,4819,5,0
245,2025-03-24 17:00:00,3012.27,3015.32,3005.79,3014.05,4600,5,0
246,2025-03-24 18:00:00,3014.04,3015.64,3008.04,3009.76,3898,5,0
247,2025-03-24 19:00:00,3009.74,3009.85,3005.82,3007.0,3714,7,0
248,2025-03-24 20:00:00,3006.98,3008.07,3002.46,3006.75,3536,8,0
249,2025-03-24 21:00:00,3006.8,3008.13,3004.99,3006.05,3141,13,0
250,2025-03-24 22:00:00,3006.04,3014.57,3005.54,3011.96,1418,12,0
251,2025-03-25 00:00:00,3011.96,3012.4,3009.03,3011.52,1449,11,0
252,2025-03-25 01:00:00,3011.53,3012.35,3009.4,3009.9,1041,10,0
253,2025-03-25 02:00:00,3010.17,3014.85,3008.99,3014.12,1943,15,0
254,2025-03-25 03:00:00,3014.11,3014.55,3010.52,3011.86,3333,13,0
255,2025-03-25 04:00:00,3011.87,3012.32,3007.64,3009.15,2962,15,0
256,2025-03-25 05:00:00,3009.19,3016.26,3008.62,3015.35,3032,14,0
257,2025-03-25 06:00:00,3015.45,3016.45,3014.78,3015.26,2182,15,0
258,2025-03-25 07:00:00,3015.23,3020.97,3014.33,3018.29,3090,13,0
259,2025-03-25 08:00:00,3018.35,3018.65,3014.81,3017.73,2739,12,0
260,2025-03-25 09:00:00,3017.72,3017.92,3010.54,3011.07,2853,12,0
261,2025-03-25 10:00:00,3011.09,3021.91,3010.7,3021.38,3823,7,0
262,2025-03-25 11:00:00,3021.27,3023.51,3019.04,3023.2,3140,11,0
263,2025-03-25 12:00:00,3023.27,3024.79,3020.68,3023.59,3295,5,0
264,2025-03-25 13:00:00,3023.61,3026.36,3020.41,3020.72,3267,10,0
265,2025-03-25 14:00:00,3021.37,3023.12,3014.13,3021.72,4295,5,0
266,2025-03-25 15:00:00,3021.72,3030.58,3020.9,3028.45,5088,9,0
267,2025-03-25 16:00:00,3028.4,3035.95,3025.06,3025.06,5297,10,0
268,2025-03-25 17:00:00,3025.06,3028.05,3018.09,3021.51,4476,11,0
269,2025-03-25 18:00:00,3021.5,3025.55,3021.39,3023.17,3806,11,0
270,2025-03-25 19:00:00,3023.28,3023.29,3019.81,3022.69,3621,12,0
271,2025-03-25 20:00:00,3022.68,3022.77,3017.78,3018.47,3152,15,0
272,2025-03-25 21:00:00,3018.45,3020.68,3017.78,3019.65,2861,7,0
273,2025-03-25 22:00:00,3019.56,3020.73,3018.77,3019.81,998,5,0
274,2025-03-26 00:00:00,3019.69,3022.54,3019.56,3021.29,985,10,0
275,2025-03-26 01:00:00,3021.28,3021.85,3020.55,3021.01,805,15,0
276,2025-03-26 02:00:00,3021.01,3022.14,3017.82,3018.11,1842,15,0
277,2025-03-26 03:00:00,3018.16,3025.45,3016.44,3024.86,4106,13,0
278,2025-03-26 04:00:00,3024.84,3027.15,3022.87,3024.24,3367,15,0
279,2025-03-26 05:00:00,3024.12,3024.13,3016.45,3017.6,3554,11,0
280,2025-03-26 06:00:00,3017.59,3017.63,3014.3,3015.25,2124,15,0
281,2025-03-26 07:00:00,3015.27,3023.96,3013.26,3022.83,3338,9,0
282,2025-03-26 08:00:00,3022.74,3026.29,3022.13,3026.14,3683,5,0
283,2025-03-26 09:00:00,3026.03,3030.75,3024.97,3030.51,3454,11,0
284,2025-03-26 10:00:00,3030.68,3032.04,3023.61,3023.98,3577,5,0
285,2025-03-26 11:00:00,3024.13,3024.13,3017.53,3018.69,3870,7,0
286,2025-03-26 12:00:00,3018.44,3024.96,3016.95,3023.32,3561,5,0
287,2025-03-26 13:00:00,3023.3,3030.41,3023.3,3027.62,3499,5,0
288,2025-03-26 14:00:00,3027.61,3029.95,3025.21,3027.11,4140,6,0
289,2025-03-26 15:00:00,3027.28,3027.28,3016.0,3016.74,4911,5,0
290,2025-03-26 16:00:00,3016.74,3021.7,3014.97,3017.51,4788,5,0
291,2025-03-26 17:00:00,3017.6,3018.91,3012.45,3015.85,4286,6,0
292,2025-03-26 18:00:00,3015.96,3020.0,3015.2,3015.58,3834,7,0
293,2025-03-26 19:00:00,3015.57,3019.01,3015.21,3018.72,3635,7,0
294,2025-03-26 20:00:00,3018.84,3020.84,3018.12,3018.3,3269,10,0
295,2025-03-26 21:00:00,3018.28,3019.03,3015.76,3017.3,3542,15,0
296,2025-03-26 22:00:00,3017.3,3021.79,3017.18,3018.85,1532,15,0
297,2025-03-27 00:00:00,3019.04,3021.04,3017.6,3019.44,1850,15,0
298,2025-03-27 01:00:00,3019.49,3021.72,3017.6,3021.71,1748,15,0
299,2025-03-27 02:00:00,3021.69,3025.79,3021.64,3025.39,2309,12,0
300,2025-03-27 03:00:00,3025.41,3028.36,3022.97,3023.55,3860,14,0
301,2025-03-27 04:00:00,3023.54,3032.84,3023.34,3031.73,3731,13,0
302,2025-03-27 05:00:00,3031.7,3034.25,3029.75,3033.61,2715,8,0
303,2025-03-27 06:00:00,3033.55,3038.54,3031.79,3034.19,2913,5,0
304,2025-03-27 07:00:00,3034.18,3035.82,3029.35,3029.73,3309,5,0
305,2025-03-27 08:00:00,3029.68,3033.2,3026.81,3029.88,3812,7,0
306,2025-03-27 09:00:00,3029.65,3036.7,3029.17,3035.97,4089,8,0
307,2025-03-27 10:00:00,3035.94,3038.0,3033.66,3036.12,4064,8,0
308,2025-03-27 11:00:00,3036.19,3041.03,3034.66,3039.94,3253,6,0
309,2025-03-27 12:00:00,3039.98,3055.78,3039.82,3051.43,4599,5,0
310,2025-03-27 13:00:00,3051.46,3055.65,3048.81,3054.57,3823,5,0
311,2025-03-27 14:00:00,3054.62,3055.91,3047.1,3050.05,4313,5,0
312,2025-03-27 15:00:00,3050.48,3052.12,3033.45,3040.55,5722,5,0
313,2025-03-27 16:00:00,3040.49,3059.56,3040.49,3057.64,5577,5,0
314,2025-03-27 17:00:00,3058.17,3059.24,3051.5,3052.22,5436,5,0
315,2025-03-27 18:00:00,3052.02,3054.2,3047.87,3048.27,4826,5,0
316,2025-03-27 19:00:00,3048.25,3053.23,3047.65,3052.87,4084,14,0
317,2025-03-27 20:00:00,3052.79,3057.6,3052.74,3055.87,3480,7,0
318,2025-03-27 21:00:00,3055.92,3057.85,3054.96,3057.52,3555,12,0
319,2025-03-27 22:00:00,3057.47,3057.53,3055.09,3056.42,1285,19,0
320,2025-03-28 00:00:00,3056.31,3057.56,3053.75,3055.0,1196,5,0
321,2025-03-28 01:00:00,3055.11,3056.11,3054.17,3055.65,1116,8,0
322,2025-03-28 02:00:00,3055.55,3063.49,3055.01,3061.95,2614,12,0
323,2025-03-28 03:00:00,3062.11,3074.03,3062.08,3073.86,3861,11,0
324,2025-03-28 04:00:00,3073.87,3077.48,3070.13,3071.87,3468,13,0
325,2025-03-28 05:00:00,3071.74,3076.71,3069.73,3075.31,3310,15,0
326,2025-03-28 06:00:00,3075.32,3075.39,3072.6,3073.9,2202,13,0
327,2025-03-28 07:00:00,3073.89,3081.92,3072.5,3077.82,3130,5,0
328,2025-03-28 08:00:00,3077.12,3084.88,3076.71,3084.61,3697,5,0
329,2025-03-28 09:00:00,3084.46,3085.96,3077.86,3079.18,3552,5,0
330,2025-03-28 10:00:00,3079.06,3081.2,3066.21,3072.99,3536,6,0
331,2025-03-28 11:00:00,3073.04,3076.08,3069.68,3072.87,3216,9,0
332,2025-03-28 12:00:00,3072.87,3074.59,3067.01,3074.28,3446,11,0
333,2025-03-28 13:00:00,3074.24,3079.87,3074.03,3076.39,3190,14,0
334,2025-03-28 14:00:00,3076.42,3081.86,3072.53,3077.44,3978,10,0
335,2025-03-28 15:00:00,3077.37,3084.06,3070.8,3083.27,4951,5,0
336,2025-03-28 16:00:00,3083.08,3086.77,3068.03,3069.82,5212,5,0
337,2025-03-28 17:00:00,3069.58,3085.68,3067.24,3083.77,4552,7,0
338,2025-03-28 18:00:00,3083.55,3086.68,3080.46,3083.89,3941,10,0
339,2025-03-28 19:00:00,3083.88,3085.89,3076.08,3077.39,3686,5,0
340,2025-03-28 20:00:00,3077.47,3080.4,3073.56,3079.74,3192,8,0
341,2025-03-28 21:00:00,3079.73,3081.85,3079.44,3080.87,3404,9,0
342,2025-03-28 22:00:00,3080.9,3085.93,3080.9,3084.2,1540,10,0
343,2025-03-31 01:00:00,3086.59,3097.77,3086.59,3090.01,2785,5,0
344,2025-03-31 02:00:00,3090.01,3090.76,3087.8,3089.18,2065,6,0
345,2025-03-31 03:00:00,3089.2,3089.71,3077.49,3079.07,3030,13,0
346,2025-03-31 04:00:00,3078.89,3095.34,3076.72,3094.76,4246,5,0
347,2025-03-31 05:00:00,3094.43,3107.05,3093.86,3106.5,4162,5,0
348,2025-03-31 06:00:00,3106.67,3111.58,3105.26,3107.08,3217,5,0
349,2025-03-31 07:00:00,3106.9,3115.94,3106.01,3113.33,2254,5,0
350,2025-03-31 08:00:00,3113.31,3119.75,3107.49,3116.54,2935,7,0
351,2025-03-31 09:00:00,3116.28,3127.94,3113.57,3119.19,4223,5,0
352,2025-03-31 10:00:00,3119.33,3125.39,3118.59,3124.52,4004,6,0
353,2025-03-31 11:00:00,3123.88,3127.11,3121.07,3122.24,3664,9,0
354,2025-03-31 12:00:00,3122.06,3123.29,3112.02,3114.94,3378,5,0
355,2025-03-31 13:00:00,3114.91,3123.57,3111.9,3118.44,3531,5,0
356,2025-03-31 14:00:00,3118.46,3119.6,3113.39,3119.48,3329,7,0
357,2025-03-31 15:00:00,3119.47,3126.73,3118.1,3124.58,4167,9,0
358,2025-03-31 16:00:00,3124.14,3124.72,3099.94,3113.53,5141,5,0
359,2025-03-31 17:00:00,3113.33,3123.65,3110.93,3123.15,5085,5,0
360,2025-03-31 18:00:00,3123.42,3127.17,3112.9,3113.81,4540,5,0
361,2025-03-31 19:00:00,3113.83,3120.6,3111.59,3117.56,3702,5,0
362,2025-03-31 20:00:00,3117.25,3120.36,3115.99,3117.9,3799,12,0
363,2025-03-31 21:00:00,3117.75,3123.41,3117.38,3121.46,3408,5,0
364,2025-03-31 22:00:00,3121.44,3124.63,3120.9,3124.43,3393,5,0
365,2025-03-31 23:00:00,3124.38,3124.73,3122.88,3123.96,1417,16,0
366,2025-04-01 01:00:00,3123.22,3125.78,3121.75,3122.8,1111,14,0
367,2025-04-01 02:00:00,3122.81,3126.41,3120.1,3120.61,1542,14,0
368,2025-04-01 03:00:00,3120.59,3127.91,3120.3,3127.25,2607,15,0
369,2025-04-01 04:00:00,3127.15,3138.14,3126.64,3135.44,4351,8,0
370,2025-04-01 05:00:00,3135.38,3145.67,3133.06,3145.1,3860,9,0
371,2025-04-01 06:00:00,3145.03,3147.32,3142.61,3146.01,3000,13,0
372,2025-04-01 07:00:00,3145.95,3147.92,3142.81,3144.69,2617,10,0
373,2025-04-01 08:00:00,3144.69,3149.04,3130.58,3132.07,3779,9,0
374,2025-04-01 09:00:00,3131.94,3138.09,3126.55,3133.64,4429,7,0
375,2025-04-01 10:00:00,3133.57,3137.67,3124.19,3127.61,4139,5,0
376,2025-04-01 11:00:00,3127.49,3135.67,3126.48,3130.87,3364,5,0
377,2025-04-01 12:00:00,3130.9,3134.08,3130.07,3132.2,3071,5,0
378,2025-04-01 13:00:00,3132.31,3138.91,3130.8,3132.35,3911,6,0
379,2025-04-01 14:00:00,3132.35,3135.79,3128.73,3130.37,3774,10,0
380,2025-04-01 15:00:00,3130.44,3134.55,3127.74,3133.33,3817,5,0
381,2025-04-01 16:00:00,3133.49,3137.03,3128.26,3133.82,4519,5,0
382,2025-04-01 17:00:00,3133.04,3135.31,3123.79,3128.75,4903,6,0
383,2025-04-01 18:00:00,3128.72,3133.02,3113.36,3113.68,4549,5,0
384,2025-04-01 19:00:00,3113.59,3116.71,3100.87,3106.65,4686,5,0
385,2025-04-01 20:00:00,3106.62,3114.54,3105.71,3113.79,3506,5,0
386,2025-04-01 21:00:00,3113.66,3118.64,3113.29,3114.17,3333,5,0
387,2025-04-01 22:00:00,3114.17,3118.99,3113.73,3118.7,2688,13,0
388,2025-04-01 23:00:00,3118.64,3120.77,3113.12,3114.12,1253,5,0
389,2025-04-02 01:00:00,3114.22,3114.87,3107.76,3111.35,1701,14,0
390,2025-04-02 02:00:00,3111.43,3116.23,3111.31,3115.19,1475,17,0
391,2025-04-02 03:00:00,3115.18,3123.67,3113.03,3122.92,3055,12,0
392,2025-04-02 04:00:00,3122.93,3135.36,3121.35,3132.98,4420,9,0
393,2025-04-02 05:00:00,3133.12,3135.64,3128.59,3128.59,3473,12,0
394,2025-04-02 06:00:00,3128.44,3132.22,3124.62,3125.48,2742,5,0
395,2025-04-02 07:00:00,3125.43,3126.73,3115.53,3116.12,2632,8,0
396,2025-04-02 08:00:00,3116.4,3119.16,3109.51,3117.95,3690,13,0
397,2025-04-02 09:00:00,3117.97,3119.66,3113.98,3116.48,3702,5,0
398,2025-04-02 10:00:00,3116.71,3126.06,3112.17,3125.22,3788,6,0
399,2025-04-02 11:00:00,3125.28,3133.78,3123.35,3131.2,4034,5,0
400,2025-04-02 12:00:00,3131.29,3131.52,3127.05,3131.02,3455,5,0
401,2025-04-02 13:00:00,3131.01,3131.31,3110.14,3114.41,3956,5,0
402,2025-04-02 14:00:00,3114.46,3123.83,3114.4,3121.23,3756,5,0
403,2025-04-02 15:00:00,3121.29,3127.13,3117.08,3122.43,4094,5,0
404,2025-04-02 16:00:00,3122.02,3132.28,3116.69,3122.16,5191,9,0
405,2025-04-02 17:00:00,3122.42,3129.33,3119.42,3124.79,4558,5,0
406,2025-04-02 18:00:00,3124.8,3128.12,3120.82,3125.81,4126,5,0
407,2025-04-02 19:00:00,3126.04,3134.27,3126.03,3131.43,4373,6,0
408,2025-04-02 20:00:00,3131.46,3131.46,3120.84,3123.48,4141,5,0
409,2025-04-02 21:00:00,3123.49,3126.19,3118.62,3121.82,3642,5,0
410,2025-04-02 22:00:00,3121.88,3127.28,3121.51,3124.33,3272,13,0
411,2025-04-02 23:00:00,3123.95,3142.05,3104.45,3132.12,4378,5,0
412,2025-04-03 01:00:00,3140.28,3147.61,3121.87,3145.74,5205,9,0
413,2025-04-03 02:00:00,3145.77,3167.73,3145.32,3162.59,4119,5,0
414,2025-04-03 03:00:00,3162.38,3164.78,3140.8,3151.27,4717,5,0
415,2025-04-03 04:00:00,3151.51,3162.95,3147.94,3153.41,4762,10,0
416,2025-04-03 05:00:00,3153.28,3155.35,3142.19,3145.13,3774,13,0
417,2025-04-03 06:00:00,3145.36,3152.2,3144.83,3148.06,3631,5,0
418,2025-04-03 07:00:00,3147.98,3149.66,3139.2,3140.32,2681,5,0
419,2025-04-03 08:00:00,3140.17,3140.92,3124.07,3131.78,4173,5,0
420,2025-04-03 09:00:00,3131.94,3134.07,3116.39,3127.68,4820,5,0
421,2025-04-03 10:00:00,3127.09,3130.18,3119.86,3129.06,4505,9,0
422,2025-04-03 11:00:00,3129.12,3131.97,3126.05,3129.08,4150,9,0
423,2025-04-03 12:00:00,3129.17,3129.61,3121.67,3121.67,4306,12,0
424,2025-04-03 13:00:00,3121.78,3122.93,3088.99,3095.33,5152,5,0
425,2025-04-03 14:00:00,3095.92,3099.77,3085.32,3093.16,4935,5,0
426,2025-04-03 15:00:00,3092.95,3094.68,3060.95,3076.35,5145,10,0
427,2025-04-03 16:00:00,3076.24,3093.44,3054.08,3085.61,5420,8,0
428,2025-04-03 17:00:00,3088.56,3135.52,3087.24,3128.77,5506,6,0
429,2025-04-03 18:00:00,3128.91,3129.56,3103.95,3110.48,4995,5,0
430,2025-04-03 19:00:00,3110.66,3114.22,3101.87,3107.59,4321,16,0
431,2025-04-03 20:00:00,3107.51,3109.92,3100.03,3109.58,4056,5,0
432,2025-04-03 21:00:00,3109.6,3111.7,3102.17,3111.58,3560,9,0
433,2025-04-03 22:00:00,3111.64,3113.22,3101.56,3107.62,3604,5,0
434,2025-04-03 23:00:00,3106.69,3119.83,3106.69,3114.19,2064,14,0
435,2025-04-04 01:00:00,3115.38,3116.6,3112.32,3115.33,1811,12,0
436,2025-04-04 02:00:00,3115.34,3116.22,3109.82,3112.85,2168,15,0
437,2025-04-04 03:00:00,3112.86,3115.02,3106.02,3110.57,3553,15,0
438,2025-04-04 04:00:00,3110.57,3115.73,3109.15,3109.82,3487,14,0
439,2025-04-04 05:00:00,3109.95,3112.97,3091.23,3096.77,3934,12,0
440,2025-04-04 06:00:00,3096.7,3099.0,3087.29,3098.34,3917,5,0
441,2025-04-04 07:00:00,3098.5,3105.05,3096.19,3100.14,3692,5,0
442,2025-04-04 08:00:00,3099.92,3108.74,3098.87,3108.69,3473,5,0
443,2025-04-04 09:00:00,3108.84,3109.87,3100.48,3101.03,3656,5,0
444,2025-04-04 10:00:00,3100.79,3102.88,3092.1,3092.89,4345,11,0
445,2025-04-04 11:00:00,3092.69,3094.09,3078.54,3084.18,4372,6,0
446,2025-04-04 12:00:00,3083.99,3095.93,3083.87,3090.67,4148,9,0
447,2025-04-04 13:00:00,3090.71,3116.11,3090.56,3110.29,5179,10,0
448,2025-04-04 14:00:00,3110.42,3136.58,3095.46,3110.22,5504,6,0
449,2025-04-04 15:00:00,3110.82,3111.66,3069.63,3071.14,5652,5,0
450,2025-04-04 16:00:00,3071.12,3087.45,3059.36,3061.76,5373,7,0
451,2025-04-04 17:00:00,3061.84,3061.84,3026.85,3038.44,5688,5,0
452,2025-04-04 18:00:00,3038.09,3050.3,3017.03,3021.86,5705,5,0
453,2025-04-04 19:00:00,3021.89,3036.63,3017.68,3030.93,5061,12,0
454,2025-04-04 20:00:00,3030.96,3032.79,3015.78,3025.82,4938,10,0
455,2025-04-04 21:00:00,3025.8,3027.76,3017.94,3025.33,4432,6,0
456,2025-04-04 22:00:00,3025.5,3040.79,3022.01,3036.35,4610,5,0
457,2025-04-04 23:00:00,3036.3,3040.87,3033.71,3037.34,2603,17,0
458,2025-04-07 01:00:00,3008.13,3036.38,2973.05,3009.39,3612,0,0
459,2025-04-07 02:00:00,3009.44,3016.6,2976.41,2999.93,4090,5,0
460,2025-04-07 03:00:00,2999.32,3009.42,2970.37,2978.75,5211,5,0
461,2025-04-07 04:00:00,2978.29,3055.01,2971.76,3038.09,7396,5,0
462,2025-04-07 05:00:00,3038.32,3055.31,3023.82,3025.83,5784,7,0
463,2025-04-07 06:00:00,3025.85,3033.88,3016.81,3018.94,4563,13,0
464,2025-04-07 07:00:00,3018.91,3035.63,3018.9,3034.73,3441,5,0
465,2025-04-07 08:00:00,3035.31,3044.45,3024.78,3031.63,4343,5,0
466,2025-04-07 09:00:00,3031.68,3033.46,3016.64,3029.33,5936,6,0
467,2025-04-07 10:00:00,3029.63,3030.72,3013.27,3018.57,6239,5,0
468,2025-04-07 11:00:00,3018.85,3035.44,3017.61,3031.16,5666,6,0
469,2025-04-07 12:00:00,3031.73,3033.38,3019.65,3025.21,5304,13,0
470,2025-04-07 13:00:00,3025.31,3036.38,3024.25,3031.23,5453,5,0
471,2025-04-07 14:00:00,3031.09,3045.98,3030.28,3031.19,5591,9,0
472,2025-04-07 15:00:00,3031.43,3032.89,3014.7,3031.23,6202,7,0
473,2025-04-07 16:00:00,3030.82,3034.01,3001.73,3015.37,6613,7,0
474,2025-04-07 17:00:00,3014.84,3037.97,2996.2,2999.25,7166,5,0
475,2025-04-07 18:00:00,2999.52,3004.72,2979.81,2987.46,6678,5,0
476,2025-04-07 19:00:00,2987.45,2987.79,2969.94,2970.43,6082,5,0
477,2025-04-07 20:00:00,2970.4,2975.15,2956.26,2970.14,6295,8,0
478,2025-04-07 21:00:00,2970.07,2976.67,2963.94,2965.78,5708,8,0
479,2025-04-07 22:00:00,2965.79,2982.21,2965.32,2976.45,5499,7,0
480,2025-04-07 23:00:00,2976.5,2985.56,2969.5,2982.01,2239,5,0
481,2025-04-08 01:00:00,2982.99,2988.56,2980.54,2986.73,2076,5,0
482,2025-04-08 02:00:00,2986.73,2987.37,2978.49,2981.31,2434,17,0
483,2025-04-08 03:00:00,2981.22,2992.55,2980.34,2985.24,3921,15,0
484,2025-04-08 04:00:00,2985.32,3003.13,2983.6,2999.71,5088,17,0
485,2025-04-08 05:00:00,2999.79,3004.7,2997.99,3000.87,3908,7,0
486,2025-04-08 06:00:00,3000.85,3001.05,2993.22,2994.73,3857,14,0
487,2025-04-08 07:00:00,2994.6,3002.88,2990.98,3002.17,3142,16,0
488,2025-04-08 08:00:00,3001.86,3008.05,2999.52,3005.59,3949,6,0
489,2025-04-08 09:00:00,3005.4,3015.7,3002.46,3013.28,4314,11,0
490,2025-04-08 10:00:00,3013.24,3013.78,3001.88,3003.51,4809,8,0
491,2025-04-08 11:00:00,3003.13,3009.26,3001.41,3007.45,3034,5,0
492,2025-04-08 12:00:00,3007.41,3007.75,2994.89,3006.78,3510,5,0
493,2025-04-08 13:00:00,3006.8,3010.19,3004.13,3008.98,3331,5,0
494,2025-04-08 14:00:00,3008.97,3019.58,3008.68,3017.5,3872,6,0
495,2025-04-08 15:00:00,3017.59,3019.36,3002.44,3002.6,4959,5,0
496,2025-04-08 16:00:00,3002.55,3022.73,3002.55,3010.4,5549,5,0
497,2025-04-08 17:00:00,3010.55,3018.06,3005.88,3006.14,5390,5,0
498,2025-04-08 18:00:00,3006.17,3012.32,3001.28,3001.42,5098,14,0
499,2025-04-08 19:00:00,3001.53,3001.53,2984.43,2985.99,5161,14,0
500,2025-04-08 20:00:00,2986.15,2987.37,2974.73,2985.08,5214,5,0
501,2025-04-08 21:00:00,2985.09,2992.42,2979.35,2983.58,4938,14,0
502,2025-04-08 22:00:00,2983.41,2987.51,2976.7,2985.13,4779,6,0
503,2025-04-08 23:00:00,2984.96,2986.55,2977.14,2981.96,2351,14,0
504,2025-04-09 01:00:00,2982.88,2985.64,2980.15,2981.86,2053,9,0
505,2025-04-09 02:00:00,2982.39,2990.91,2970.07,2978.22,2960,14,0
506,2025-04-09 03:00:00,2978.61,2987.01,2974.79,2980.42,4314,12,0
507,2025-04-09 04:00:00,2980.5,3009.79,2972.5,3008.91,4776,5,0
508,2025-04-09 05:00:00,3009.01,3011.26,2999.99,3003.02,4072,5,0
509,2025-04-09 06:00:00,3002.97,3009.78,3002.66,3004.45,3739,8,0
510,2025-04-09 07:00:00,3004.45,3014.13,2999.39,3012.41,3913,5,0
511,2025-04-09 08:00:00,3012.38,3020.53,3005.51,3015.6,4234,6,0
512,2025-04-09 09:00:00,3015.49,3041.01,3014.93,3039.12,4481,5,0
513,2025-04-09 10:00:00,3038.77,3052.56,3034.4,3041.05,4348,5,0
514,2025-04-09 11:00:00,3041.06,3051.26,3038.23,3043.89,3884,12,0
515,2025-04-09 12:00:00,3043.9,3049.61,3038.59,3044.92,3737,5,0
516,2025-04-09 13:00:00,3044.9,3047.12,3038.19,3042.74,3832,21,0
517,2025-04-09 14:00:00,3043.16,3068.01,3036.29,3066.64,4621,5,0
518,2025-04-09 15:00:00,3066.54,3072.78,3042.68,3047.35,4852,11,0
519,2025-04-09 16:00:00,3047.95,3077.86,3047.41,3075.26,5022,12,0
520,2025-04-09 17:00:00,3075.4,3084.63,3068.29,3070.5,4740,8,0
521,2025-04-09 18:00:00,3070.05,3087.76,3065.41,3086.22,4329,5,0
522,2025-04-09 19:00:00,3086.32,3094.8,3082.76,3092.42,3959,11,0
523,2025-04-09 20:00:00,3092.64,3099.08,3051.12,3060.06,5029,5,0
524,2025-04-09 21:00:00,3059.76,3073.38,3048.38,3067.2,4496,5,0
525,2025-04-09 22:00:00,3067.2,3099.6,3064.3,3094.02,4471,10,0
526,2025-04-09 23:00:00,3093.62,3095.38,3078.0,3082.78,2603,5,0
527,2025-04-10 01:00:00,3079.66,3089.79,3071.36,3080.02,2767,10,0
528,2025-04-10 02:00:00,3080.24,3088.96,3079.54,3086.74,3129,20,0
529,2025-04-10 03:00:00,3086.78,3101.29,3081.36,3097.1,4358,5,0
530,2025-04-10 04:00:00,3097.55,3100.45,3078.42,3094.09,4586,18,0
531,2025-04-10 05:00:00,3094.0,3120.31,3094.0,3119.25,4359,5,0
532,2025-04-10 06:00:00,3119.28,3131.66,3115.33,3125.24,3706,15,0
533,2025-04-10 07:00:00,3125.3,3129.32,3121.15,3125.27,2937,9,0
534,2025-04-10 08:00:00,3125.28,3132.58,3112.78,3122.38,3371,8,0
535,2025-04-10 09:00:00,3122.08,3126.26,3118.92,3122.2,4043,14,0
536,2025-04-10 10:00:00,3122.08,3123.41,3106.59,3108.76,4347,10,0
537,2025-04-10 11:00:00,3108.95,3115.54,3104.77,3105.08,4031,16,0
538,2025-04-10 12:00:00,3104.86,3118.0,3103.43,3116.08,3844,7,0
539,2025-04-10 13:00:00,3116.43,3122.48,3114.34,3119.71,3912,9,0
540,2025-04-10 14:00:00,3120.13,3125.61,3113.13,3124.72,4048,9,0
541,2025-04-10 15:00:00,3124.74,3133.96,3116.4,3123.03,4595,7,0
542,2025-04-10 16:00:00,3123.26,3136.54,3116.14,3116.94,4934,6,0
543,2025-04-10 17:00:00,3117.01,3154.87,3116.81,3154.52,4757,7,0
544,2025-04-10 18:00:00,3154.59,3174.95,3154.59,3157.9,4537,7,0
545,2025-04-10 19:00:00,3157.99,3167.27,3154.15,3158.6,4502,11,0
546,2025-04-10 20:00:00,3158.53,3165.43,3151.58,3162.68,4093,5,0
547,2025-04-10 21:00:00,3162.69,3175.55,3158.15,3173.42,4030,5,0
548,2025-04-10 22:00:00,3173.4,3176.41,3168.02,3170.85,3821,16,0
549,2025-04-10 23:00:00,3170.84,3176.45,3168.43,3175.39,1999,12,0
550,2025-04-11 01:00:00,3176.0,3190.1,3176.0,3188.77,3382,0,0
551,2025-04-11 02:00:00,3188.78,3191.26,3183.11,3188.95,3742,16,0
552,2025-04-11 03:00:00,3188.92,3217.75,3184.99,3205.51,5473,12,0
553,2025-04-11 04:00:00,3205.08,3219.37,3201.05,3207.03,5814,5,0
554,2025-04-11 05:00:00,3206.99,3219.79,3205.97,3217.44,5038,12,0
555,2025-04-11 06:00:00,3217.35,3220.18,3214.16,3217.77,4708,8,0
556,2025-04-11 07:00:00,3217.77,3218.13,3208.47,3208.52,4135,6,0
557,2025-04-11 08:00:00,3208.53,3219.24,3187.15,3195.64,5337,7,0
558,2025-04-11 09:00:00,3195.97,3209.47,3190.27,3197.13,5511,5,0
559,2025-04-11 10:00:00,3197.03,3213.14,3194.05,3212.43,5040,5,0
560,2025-04-11 11:00:00,3212.49,3227.4,3208.46,3216.01,5233,5,0
561,2025-04-11 12:00:00,3216.0,3230.11,3212.07,3227.73,4723,5,0
562,2025-04-11 13:00:00,3227.68,3237.82,3210.11,3212.59,4826,5,0
563,2025-04-11 14:00:00,3212.97,3224.69,3211.52,3213.89,4606,5,0
564,2025-04-11 15:00:00,3213.94,3234.01,3211.16,3233.58,5534,5,0
565,2025-04-11 16:00:00,3233.63,3244.05,3219.6,3224.12,5916,5,0
566,2025-04-11 17:00:00,3223.61,3237.84,3222.76,3230.19,5984,5,0
567,2025-04-11 18:00:00,3230.08,3241.95,3229.46,3240.55,5433,5,0
568,2025-04-11 19:00:00,3240.63,3245.36,3219.45,3223.3,5315,8,0
569,2025-04-11 20:00:00,3223.81,3235.42,3223.79,3233.96,5322,16,0
570,2025-04-11 21:00:00,3234.18,3238.34,3231.22,3235.88,4925,13,0
571,2025-04-11 22:00:00,3235.76,3235.77,3227.56,3230.98,4853,8,0
572,2025-04-11 23:00:00,3231.01,3238.3,3230.92,3237.53,2016,17,0
573,2025-04-14 01:00:00,3228.31,3228.34,3210.24,3221.37,4420,10,0
574,2025-04-14 02:00:00,3221.43,3224.43,3216.88,3223.73,3703,12,0
575,2025-04-14 03:00:00,3223.75,3227.24,3219.22,3220.97,4044,14,0
576,2025-04-14 04:00:00,3220.99,3243.57,3215.41,3239.8,5412,11,0
577,2025-04-14 05:00:00,3239.6,3245.69,3229.48,3231.93,4747,17,0
578,2025-04-14 06:00:00,3231.89,3234.7,3226.97,3232.45,3842,17,0
579,2025-04-14 07:00:00,3232.45,3235.77,3226.16,3227.35,3228,6,0
580,2025-04-14 08:00:00,3227.37,3236.0,3221.49,3234.47,4128,5,0
581,2025-04-14 09:00:00,3234.28,3238.06,3228.92,3230.75,4636,5,0
582,2025-04-14 10:00:00,3231.0,3233.66,3224.92,3227.84,4474,5,0
583,2025-04-14 11:00:00,3227.93,3230.01,3216.55,3226.92,4541,5,0
584,2025-04-14 12:00:00,3226.91,3231.55,3220.89,3223.82,4247,7,0
585,2025-04-14 13:00:00,3223.81,3224.58,3206.35,3215.28,4643,5,0
586,2025-04-14 14:00:00,3215.25,3225.82,3214.01,3223.35,4330,6,0
587,2025-04-14 15:00:00,3223.53,3227.67,3200.63,3206.47,5213,5,0
588,2025-04-14 16:00:00,3206.68,3210.69,3193.57,3204.58,5912,9,0
589,2025-04-14 17:00:00,3204.44,3215.7,3195.24,3211.16,5293,5,0
590,2025-04-14 18:00:00,3210.89,3211.08,3196.34,3197.97,5177,5,0
591,2025-04-14 19:00:00,3198.13,3208.26,3197.66,3207.5,4761,5,0
592,2025-04-14 20:00:00,3207.51,3216.44,3207.0,3214.11,4649,5,0
593,2025-04-14 21:00:00,3214.09,3214.84,3201.45,3208.11,4155,5,0
594,2025-04-14 22:00:00,3208.08,3212.95,3207.78,3212.77,4182,17,0
595,2025-04-14 23:00:00,3212.84,3213.75,3207.36,3210.46,1732,14,0
596,2025-04-15 01:00:00,3211.57,3215.19,3210.72,3212.18,1745,9,0
597,2025-04-15 02:00:00,3212.19,3214.15,3210.45,3212.61,2125,17,0
598,2025-04-15 03:00:00,3212.72,3215.16,3210.82,3211.91,2881,17,0
599,2025-04-15 04:00:00,3211.77,3225.86,3210.01,3223.66,3947,17,0
600,2025-04-15 05:00:00,3223.72,3225.04,3218.83,3224.42,3294,17,0
601,2025-04-15 06:00:00,3224.29,3228.87,3223.28,3228.29,3071,5,0
602,2025-04-15 07:00:00,3228.31,3232.68,3226.84,3231.88,2719,11,0
603,2025-04-15 08:00:00,3231.87,3232.15,3221.0,3224.59,3472,5,0
604,2025-04-15 09:00:00,3224.48,3228.68,3223.22,3224.98,3271,5,0
605,2025-04-15 10:00:00,3225.05,3226.47,3217.44,3225.62,3623,7,0
606,2025-04-15 11:00:00,3225.68,3232.11,3224.37,3227.66,3699,6,0
607,2025-04-15 12:00:00,3227.73,3230.14,3221.19,3222.52,3249,7,0
608,2025-04-15 13:00:00,3222.58,3226.91,3219.7,3220.25,3112,18,0
609,2025-04-15 14:00:00,3220.24,3224.06,3216.86,3219.89,3397,16,0
610,2025-04-15 15:00:00,3220.2,3226.03,3214.23,3221.48,3908,5,0
611,2025-04-15 16:00:00,3221.44,3226.31,3211.62,3213.12,4405,7,0
612,2025-04-15 17:00:00,3213.23,3226.82,3213.23,3222.65,4400,9,0
613,2025-04-15 18:00:00,3222.63,3224.1,3216.89,3221.29,3858,5,0
614,2025-04-15 19:00:00,3221.33,3223.34,3219.45,3221.4,3428,5,0
615,2025-04-15 20:00:00,3221.39,3230.69,3220.38,3227.98,3537,11,0
616,2025-04-15 21:00:00,3228.07,3229.77,3225.68,3229.16,3306,5,0
617,2025-04-15 22:00:00,3229.16,3231.85,3226.21,3229.87,3302,18,0
618,2025-04-15 23:00:00,3230.1,3233.57,3226.49,3229.36,1872,16,0
619,2025-04-16 01:00:00,3230.96,3242.23,3229.84,3241.47,2335,5,0
620,2025-04-16 02:00:00,3241.52,3251.82,3238.36,3251.82,3330,14,0
621,2025-04-16 03:00:00,3251.78,3267.99,3251.63,3264.44,4707,5,0
622,2025-04-16 04:00:00,3264.52,3274.98,3256.08,3270.23,5064,8,0
623,2025-04-16 05:00:00,3270.64,3275.35,3266.99,3267.75,4119,5,0
624,2025-04-16 06:00:00,3267.75,3281.7,3266.19,3281.44,3747,5,0
625,2025-04-16 07:00:00,3281.39,3287.59,3269.32,3283.65,3858,7,0
626,2025-04-16 08:00:00,3283.69,3291.67,3283.62,3289.72,4143,5,0
627,2025-04-16 09:00:00,3289.56,3295.06,3286.11,3291.81,4656,7,0
628,2025-04-16 10:00:00,3291.82,3300.61,3291.34,3300.45,4787,7,0
629,2025-04-16 11:00:00,3300.23,3317.76,3288.62,3306.96,5590,5,0
630,2025-04-16 12:00:00,3306.93,3310.85,3300.16,3303.46,4469,7,0
631,2025-04-16 13:00:00,3303.52,3306.81,3299.63,3304.11,3984,8,0
632,2025-04-16 14:00:00,3304.12,3313.7,3293.17,3306.86,4501,5,0
633,2025-04-16 15:00:00,3306.71,3313.29,3302.52,3307.31,4860,13,0
634,2025-04-16 16:00:00,3307.54,3316.45,3296.92,3311.59,5511,5,0
635,2025-04-16 17:00:00,3311.74,3319.49,3306.26,3308.42,5660,5,0
636,2025-04-16 18:00:00,3308.43,3328.11,3305.24,3325.28,5319,5,0
637,2025-04-16 19:00:00,3325.3,3333.02,3321.48,3327.24,4983,5,0
638,2025-04-16 20:00:00,3327.31,3332.8,3324.48,3328.19,5022,5,0
639,2025-04-16 21:00:00,3328.08,3340.73,3326.42,3338.36,4831,5,0
640,2025-04-16 22:00:00,3338.39,3342.47,3335.99,3336.46,4777,5,0
641,2025-04-16 23:00:00,3336.59,3342.94,3334.47,3342.85,2645,9,0
642,2025-04-17 01:00:00,3343.19,3357.65,3342.85,3351.05,3419,5,0
643,2025-04-17 02:00:00,3351.22,3353.44,3346.96,3350.14,2931,18,0
644,2025-04-17 03:00:00,3350.17,3351.3,3342.02,3345.07,4318,11,0
645,2025-04-17 04:00:00,3345.42,3356.26,3320.87,3323.9,5253,5,0
646,2025-04-17 05:00:00,3323.83,3340.66,3321.15,3340.52,4611,15,0
647,2025-04-17 06:00:00,3340.41,3344.51,3337.56,3344.51,3854,15,0
648,2025-04-17 07:00:00,3344.51,3344.51,3337.82,3341.47,3338,15,0
649,2025-04-17 08:00:00,3341.58,3345.4,3328.42,3329.4,3886,11,0
650,2025-04-17 09:00:00,3329.5,3332.95,3325.16,3328.87,4588,5,0
651,2025-04-17 10:00:00,3328.86,3329.96,3314.23,3323.48,4700,5,0
652,2025-04-17 11:00:00,3323.34,3324.79,3312.99,3324.23,4167,11,0
653,2025-04-17 12:00:00,3324.19,3326.86,3320.65,3321.63,3691,5,0
654,2025-04-17 13:00:00,3321.61,3333.85,3321.07,3327.51,3947,16,0
655,2025-04-17 14:00:00,3327.61,3332.47,3322.42,3327.47,3996,17,0
656,2025-04-17 15:00:00,3327.42,3342.17,3322.3,3328.15,4831,5,0
657,2025-04-17 16:00:00,3328.34,3331.96,3311.96,3314.81,5230,5,0
658,2025-04-17 17:00:00,3314.89,3314.89,3283.84,3291.18,5626,5,0
659,2025-04-17 18:00:00,3291.31,3304.74,3290.86,3296.32,5060,5,0
660,2025-04-17 19:00:00,3296.8,3318.65,3294.96,3316.04,4944,5,0
661,2025-04-17 20:00:00,3316.17,3322.35,3314.32,3318.94,4354,15,0
662,2025-04-17 21:00:00,3319.0,3320.87,3314.36,3316.46,3800,18,0
663,2025-04-17 22:00:00,3316.45,3321.87,3311.01,3320.73,4009,18,0
664,2025-04-17 23:00:00,3320.73,3328.73,3317.98,3327.24,2300,5,0
665,2025-04-21 01:00:00,3332.92,3353.09,3329.03,3346.03,4162,5,0
666,2025-04-21 02:00:00,3346.25,3351.6,3343.45,3348.05,3586,17,0
667,2025-04-21 03:00:00,3348.28,3370.48,3347.49,3368.73,4542,8,0
668,2025-04-21 04:00:00,3368.38,3378.45,3367.29,3377.53,4975,5,0
669,2025-04-21 05:00:00,3377.55,3384.97,3374.21,3384.71,4535,17,0
670,2025-04-21 06:00:00,3384.81,3385.16,3378.36,3382.47,4080,18,0
671,2025-04-21 07:00:00,3382.38,3382.38,3369.91,3376.3,3640,17,0
672,2025-04-21 08:00:00,3376.32,3385.8,3375.94,3385.53,4153,17,0
673,2025-04-21 09:00:00,3385.36,3393.07,3382.53,3392.26,4163,5,0
674,2025-04-21 10:00:00,3392.1,3395.93,3381.81,3385.16,4285,13,0
675,2025-04-21 11:00:00,3385.25,3394.1,3383.66,3392.83,3897,5,0
676,2025-04-21 12:00:00,3392.75,3397.01,3390.92,3394.84,3821,6,0
677,2025-04-21 13:00:00,3394.91,3397.73,3391.97,3394.99,3725,5,0
678,2025-04-21 14:00:00,3394.66,3405.85,3386.61,3404.45,4424,5,0
679,2025-04-21 15:00:00,3404.45,3415.67,3398.09,3414.94,4710,7,0
680,2025-04-21 16:00:00,3414.88,3426.64,3405.5,3420.46,5531,6,0
681,2025-04-21 17:00:00,3420.38,3430.17,3408.98,3416.72,5191,6,0
682,2025-04-21 18:00:00,3417.36,3426.16,3408.21,3422.92,4794,5,0
683,2025-04-21 19:00:00,3422.88,3424.02,3410.21,3414.54,4350,5,0
684,2025-04-21 20:00:00,3414.58,3422.89,3406.05,3422.53,4425,5,0
685,2025-04-21 21:00:00,3422.52,3426.7,3417.7,3426.44,4191,5,0
686,2025-04-21 22:00:00,3426.43,3430.5,3417.48,3423.31,4416,5,0
687,2025-04-21 23:00:00,3423.3,3427.22,3419.62,3424.4,1998,9,0
688,2025-04-22 01:00:00,3425.06,3435.85,3423.54,3431.04,2884,8,0
689,2025-04-22 02:00:00,3431.09,3444.21,3429.29,3434.58,3691,5,0
690,2025-04-22 03:00:00,3434.35,3435.42,3412.26,3425.46,4458,5,0
691,2025-04-22 04:00:00,3425.2,3455.06,3421.91,3452.95,4784,13,0
692,2025-04-22 05:00:00,3453.06,3475.82,3442.51,3473.23,4595,9,0
693,2025-04-22 06:00:00,3472.94,3494.77,3472.12,3487.78,4260,5,0
694,2025-04-22 07:00:00,3487.77,3488.42,3479.57,3484.39,3274,5,0
695,2025-04-22 08:00:00,3484.37,3495.53,3473.59,3494.32,3979,7,0
696,2025-04-22 09:00:00,3494.67,3499.98,3475.32,3479.74,5033,5,0
697,2025-04-22 10:00:00,3479.39,3480.56,3460.92,3468.65,4759,5,0
698,2025-04-22 11:00:00,3468.55,3472.68,3443.19,3444.07,4494,5,0
699,2025-04-22 12:00:00,3444.2,3458.72,3443.97,3454.61,4418,8,0
700,2025-04-22 13:00:00,3454.66,3468.19,3451.32,3452.42,4303,5,0
701,2025-04-22 14:00:00,3452.43,3461.2,3448.18,3456.67,3996,5,0
702,2025-04-22 15:00:00,3456.52,3464.75,3424.29,3431.38,4763,5,0
703,2025-04-22 16:00:00,3431.48,3449.53,3408.63,3418.65,5301,5,0
704,2025-04-22 17:00:00,3418.92,3438.94,3417.99,3429.98,4694,7,0
705,2025-04-22 18:00:00,3430.0,3433.2,3410.35,3417.62,4541,5,0
706,2025-04-22 19:00:00,3417.59,3421.01,3372.09,3392.84,5352,5,0
707,2025-04-22 20:00:00,3392.93,3410.29,3386.08,3401.89,4708,5,0
708,2025-04-22 21:00:00,3401.99,3402.5,3373.14,3381.27,4187,5,0
709,2025-04-22 22:00:00,3381.38,3385.77,3366.78,3374.74,4200,6,0
710,2025-04-22 23:00:00,3374.87,3382.6,3373.27,3380.93,2450,12,0
711,2025-04-23 01:00:00,3347.99,3347.99,3312.89,3327.57,5235,0,0
712,2025-04-23 02:00:00,3328.14,3349.89,3326.85,3336.66,3800,5,0
713,2025-04-23 03:00:00,3336.45,3371.23,3334.58,3367.85,4215,8,0
714,2025-04-23 04:00:00,3368.52,3386.58,3359.04,3379.25,5149,5,0
715,2025-04-23 05:00:00,3379.22,3379.8,3348.8,3354.48,4499,5,0
716,2025-04-23 06:00:00,3354.13,3355.59,3329.24,3338.91,4540,11,0
717,2025-04-23 07:00:00,3338.93,3347.09,3335.71,3346.55,2940,15,0
718,2025-04-23 08:00:00,3346.65,3349.24,3316.01,3319.11,4130,5,0
719,2025-04-23 09:00:00,3319.18,3325.72,3291.82,3300.52,5311,5,0
720,2025-04-23 10:00:00,3301.19,3320.51,3301.19,3319.0,4452,9,0
721,2025-04-23 11:00:00,3319.45,3321.47,3305.51,3321.4,3612,5,0
722,2025-04-23 12:00:00,3321.52,3340.51,3317.28,3317.65,3960,5,0
723,2025-04-23 13:00:00,3317.6,3336.34,3316.86,3329.99,3589,6,0
724,2025-04-23 14:00:00,3329.73,3339.01,3322.2,3324.6,3706,5,0
725,2025-04-23 15:00:00,3324.74,3333.34,3310.65,3310.78,4868,7,0
726,2025-04-23 16:00:00,3310.59,3313.62,3271.16,3277.71,5515,5,0
727,2025-04-23 17:00:00,3277.5,3296.14,3259.98,3287.47,5686,7,0
728,2025-04-23 18:00:00,3287.38,3294.27,3269.22,3280.35,5261,5,0
729,2025-04-23 19:00:00,3280.96,3305.51,3279.14,3294.98,4811,10,0
730,2025-04-23 20:00:00,3295.05,3301.47,3277.76,3281.36,4689,5,0
731,2025-04-23 21:00:00,3281.32,3286.93,3277.85,3282.78,4098,17,0
732,2025-04-23 22:00:00,3282.77,3297.09,3282.66,3293.6,4202,14,0
733,2025-04-23 23:00:00,3294.36,3295.76,3284.12,3288.12,2622,18,0
734,2025-04-24 01:00:00,3289.07,3315.91,3288.83,3309.03,3912,0,0
735,2025-04-24 02:00:00,3309.03,3316.77,3308.26,3316.27,2877,9,0
736,2025-04-24 03:00:00,3316.32,3339.07,3313.29,3331.77,4793,12,0
737,2025-04-24 04:00:00,3331.52,3367.17,3330.85,3357.41,6018,7,0
738,2025-04-24 05:00:00,3357.5,3363.42,3335.73,3342.21,5037,5,0
739,2025-04-24 06:00:00,3342.17,3342.75,3320.74,3326.96,4297,13,0
740,2025-04-24 07:00:00,3326.98,3331.7,3325.92,3326.08,2965,5,0
741,2025-04-24 08:00:00,3326.18,3335.46,3320.47,3323.86,3828,8,0
742,2025-04-24 09:00:00,3323.9,3328.12,3314.81,3325.09,5194,5,0
743,2025-04-24 10:00:00,3324.63,3339.68,3323.14,3333.74,4893,7,0
744,2025-04-24 11:00:00,3333.71,3341.6,3327.4,3335.98,4402,5,0
745,2025-04-24 12:00:00,3336.17,3342.91,3325.47,3335.68,4243,6,0
746,2025-04-24 13:00:00,3335.64,3336.72,3325.74,3329.92,4075,17,0
747,2025-04-24 14:00:00,3329.54,3343.88,3329.54,3337.02,4239,14,0
748,2025-04-24 15:00:00,3337.25,3344.38,3335.55,3335.87,4902,5,0
749,2025-04-24 16:00:00,3335.99,3336.26,3312.62,3315.21,5911,5,0
750,2025-04-24 17:00:00,3315.14,3330.41,3306.97,3327.55,5886,5,0
751,2025-04-24 18:00:00,3327.5,3330.37,3319.55,3329.46,5181,5,0
752,2025-04-24 19:00:00,3329.42,3335.4,3322.5,3331.5,4791,5,0
753,2025-04-24 20:00:00,3331.52,3338.73,3330.04,3336.74,4450,5,0
754,2025-04-24 21:00:00,3336.77,3340.18,3333.67,3334.73,3792,5,0
755,2025-04-24 22:00:00,3334.89,3346.98,3333.45,3342.32,4059,5,0
756,2025-04-24 23:00:00,3342.66,3349.84,3338.09,3348.58,2348,18,0
757,2025-04-25 01:00:00,3351.34,3370.76,3341.45,3367.08,4035,5,0
758,2025-04-25 02:00:00,3366.97,3368.13,3347.17,3348.97,4084,12,0
759,2025-04-25 03:00:00,3348.88,3361.28,3347.38,3357.88,4739,13,0
760,2025-04-25 04:00:00,3357.62,3363.09,3343.02,3345.64,5107,8,0
761,2025-04-25 05:00:00,3345.76,3353.3,3344.59,3348.69,4437,8,0
762,2025-04-25 06:00:00,3348.65,3354.12,3322.64,3323.56,4528,10,0
763,2025-04-25 07:00:00,3323.68,3327.63,3316.46,3324.78,4773,13,0
764,2025-04-25 08:00:00,3324.79,3327.1,3287.22,3294.31,5402,5,0
765,2025-04-25 09:00:00,3294.21,3306.11,3287.58,3304.39,5947,5,0
766,2025-04-25 10:00:00,3304.55,3314.54,3303.3,3306.98,4867,13,0
767,2025-04-25 11:00:00,3307.15,3307.86,3291.93,3303.66,4575,5,0
768,2025-04-25 12:00:00,3303.9,3308.74,3292.08,3292.15,4453,5,0
769,2025-04-25 13:00:00,3291.98,3306.34,3291.98,3297.99,4714,5,0
770,2025-04-25 14:00:00,3297.98,3300.95,3287.99,3293.41,4521,5,0
771,2025-04-25 15:00:00,3293.45,3303.03,3291.21,3292.63,4685,17,0
772,2025-04-25 16:00:00,3292.67,3292.89,3265.19,3281.17,6147,5,0
773,2025-04-25 17:00:00,3281.11,3287.01,3274.63,3277.96,5669,5,0
774,2025-04-25 18:00:00,3278.04,3285.39,3270.17,3282.89,5019,6,0
775,2025-04-25 19:00:00,3282.89,3287.5,3280.41,3285.35,4272,5,0
776,2025-04-25 20:00:00,3285.41,3295.15,3281.89,3293.11,4568,5,0
777,2025-04-25 21:00:00,3293.19,3297.06,3288.36,3288.39,3969,5,0
778,2025-04-25 22:00:00,3288.46,3312.39,3287.86,3304.79,4599,7,0
779,2025-04-25 23:00:00,3305.0,3319.18,3304.54,3318.62,2430,5,0
780,2025-04-28 01:00:00,3325.67,3337.54,3309.13,3310.63,4226,10,0
781,2025-04-28 02:00:00,3310.63,3318.1,3298.68,3302.62,4371,5,0
782,2025-04-28 03:00:00,3302.61,3315.91,3301.69,3314.15,3995,15,0
783,2025-04-28 04:00:00,3314.09,3315.13,3279.18,3281.02,5548,5,0
784,2025-04-28 05:00:00,3281.44,3286.24,3268.19,3280.84,4693,9,0
785,2025-04-28 06:00:00,3280.62,3295.1,3280.28,3290.86,3600,18,0
786,2025-04-28 07:00:00,3290.87,3299.01,3288.69,3298.95,2931,5,0
787,2025-04-28 08:00:00,3298.95,3300.91,3287.86,3295.07,3387,12,0
788,2025-04-28 09:00:00,3295.47,3296.43,3281.98,3283.28,4953,11,0
789,2025-04-28 10:00:00,3283.54,3292.5,3277.66,3287.47,4894,6,0
790,2025-04-28 11:00:00,3287.0,3288.5,3279.3,3282.6,4250,5,0
791,2025-04-28 12:00:00,3282.59,3287.31,3274.46,3274.48,4302,5,0
792,2025-04-28 13:00:00,3274.56,3291.86,3273.28,3289.6,4569,6,0
793,2025-04-28 14:00:00,3289.62,3297.1,3285.02,3294.21,4750,5,0
794,2025-04-28 15:00:00,3294.41,3302.21,3292.77,3296.02,5055,7,0
795,2025-04-28 16:00:00,3295.93,3301.13,3286.99,3293.15,5866,5,0
796,2025-04-28 17:00:00,3293.64,3333.13,3293.64,3328.57,6178,5,0
797,2025-04-28 18:00:00,3328.53,3335.95,3319.15,3324.95,5867,5,0
798,2025-04-28 19:00:00,3324.91,3339.25,3324.4,3336.63,5451,6,0
799,2025-04-28 20:00:00,3336.7,3340.05,3333.22,3335.39,4976,17,0
800,2025-04-28 21:00:00,3335.34,3349.86,3333.99,3349.01,4637,12,0
801,2025-04-28 22:00:00,3349.05,3353.0,3345.58,3352.06,4453,8,0
802,2025-04-28 23:00:00,3352.05,3352.05,3342.31,3343.99,2042,18,0
803,2025-04-29 01:00:00,3344.55,3348.67,3332.4,3338.08,2927,10,0
804,2025-04-29 02:00:00,3337.91,3342.86,3333.84,3337.65,2889,18,0
805,2025-04-29 03:00:00,3337.91,3339.0,3327.78,3329.94,3586,18,0
806,2025-04-29 04:00:00,3329.61,3340.02,3322.85,3326.5,4482,13,0
807,2025-04-29 05:00:00,3326.27,3333.73,3319.48,3320.66,4128,17,0
808,2025-04-29 06:00:00,3320.65,3321.58,3308.09,3316.04,4163,12,0
809,2025-04-29 07:00:00,3316.06,3318.13,3306.87,3309.32,3103,18,0
810,2025-04-29 08:00:00,3309.33,3316.55,3305.07,3310.28,3551,5,0
811,2025-04-29 09:00:00,3310.33,3323.79,3308.76,3318.75,3869,5,0
812,2025-04-29 10:00:00,3318.78,3323.15,3312.38,3322.94,3703,5,0
813,2025-04-29 11:00:00,3323.15,3324.86,3311.73,3311.93,3489,6,0
814,2025-04-29 12:00:00,3311.82,3315.91,3308.64,3309.2,3560,13,0
815,2025-04-29 13:00:00,3309.12,3315.56,3306.24,3312.79,3742,5,0
816,2025-04-29 14:00:00,3313.38,3315.99,3307.99,3309.36,3544,5,0
817,2025-04-29 15:00:00,3309.08,3314.54,3300.6,3312.81,4505,5,0
818,2025-04-29 16:00:00,3312.49,3321.2,3299.74,3306.72,4995,10,0
819,2025-04-29 17:00:00,3306.82,3317.72,3299.69,3314.49,4615,11,0
820,2025-04-29 18:00:00,3314.48,3315.5,3305.25,3312.33,4368,5,0
821,2025-04-29 19:00:00,3312.36,3329.93,3312.18,3328.66,4148,16,0
822,2025-04-29 20:00:00,3328.86,3329.62,3314.3,3314.39,3686,6,0
823,2025-04-29 21:00:00,3314.13,3319.99,3313.3,3319.97,3390,5,0
824,2025-04-29 22:00:00,3319.94,3324.97,3317.94,3320.54,3534,18,0
825,2025-04-29 23:00:00,3319.8,3323.52,3316.73,3317.2,1678,17,0
826,2025-04-30 01:00:00,3313.72,3323.22,3313.41,3318.95,2219,8,0
827,2025-04-30 02:00:00,3318.95,3319.28,3310.99,3317.06,2368,17,0
828,2025-04-30 03:00:00,3317.15,3328.02,3311.48,3313.09,4110,17,0
829,2025-04-30 04:00:00,3313.1,3322.67,3307.81,3308.21,4686,18,0
830,2025-04-30 05:00:00,3308.01,3313.17,3305.08,3306.69,4174,18,0
831,2025-04-30 06:00:00,3306.67,3311.19,3303.74,3304.8,3818,18,0
832,2025-04-30 07:00:00,3304.8,3308.91,3301.35,3308.05,3561,5,0
833,2025-04-30 08:00:00,3308.07,3314.66,3307.72,3309.59,4136,5,0
834,2025-04-30 09:00:00,3309.68,3311.23,3304.97,3305.9,4275,16,0
835,2025-04-30 10:00:00,3305.84,3314.6,3303.2,3307.23,4183,5,0
836,2025-04-30 11:00:00,3307.23,3307.62,3280.34,3284.52,5326,5,0
837,2025-04-30 12:00:00,3284.35,3286.89,3275.1,3276.01,4797,5,0
838,2025-04-30 13:00:00,3275.38,3280.78,3271.9,3272.56,4613,11,0
839,2025-04-30 14:00:00,3272.52,3281.53,3268.28,3271.78,4755,15,0
840,2025-04-30 15:00:00,3272.3,3304.7,3267.13,3298.62,5963,5,0
841,2025-04-30 16:00:00,3298.65,3319.68,3296.23,3308.94,6062,5,0
842,2025-04-30 17:00:00,3308.64,3313.58,3292.89,3309.96,6273,5,0
843,2025-04-30 18:00:00,3310.05,3314.6,3299.01,3307.99,5873,5,0
844,2025-04-30 19:00:00,3308.08,3314.19,3307.18,3310.7,4714,5,0
845,2025-04-30 20:00:00,3310.8,3313.49,3304.99,3305.28,4467,15,0
846,2025-04-30 21:00:00,3305.27,3307.72,3300.41,3301.77,4657,15,0
847,2025-04-30 22:00:00,3301.89,3305.74,3292.18,3295.69,4357,17,0
848,2025-04-30 23:00:00,3295.75,3297.94,3283.15,3288.27,3138,5,0
849,2025-05-01 01:00:00,3288.7,3290.21,3271.36,3273.97,3785,5,0
850,2025-05-01 02:00:00,3274.25,3285.28,3269.77,3272.8,3347,18,0
851,2025-05-01 03:00:00,3272.98,3276.27,3241.51,3246.59,5120,5,0
852,2025-05-01 04:00:00,3246.54,3251.26,3234.43,3238.89,4599,17,0
853,2025-05-01 05:00:00,3238.93,3251.2,3235.29,3241.59,3780,11,0
854,2025-05-01 06:00:00,3241.56,3242.5,3229.02,3229.45,4155,12,0
855,2025-05-01 07:00:00,3229.48,3232.02,3221.24,3226.64,3939,13,0
856,2025-05-01 08:00:00,3226.73,3238.8,3223.46,3236.7,4193,17,0
857,2025-05-01 09:00:00,3236.68,3243.18,3233.89,3235.66,4447,6,0
858,2025-05-01 10:00:00,3235.79,3236.84,3226.16,3230.15,4373,10,0
859,2025-05-01 11:00:00,3230.13,3236.62,3230.0,3235.18,3871,6,0
860,2025-05-01 12:00:00,3235.24,3236.16,3215.85,3218.62,4242,6,0
861,2025-05-01 13:00:00,3218.56,3225.31,3213.63,3222.61,4375,6,0
862,2025-05-01 14:00:00,3222.86,3227.03,3203.4,3205.56,4645,5,0
863,2025-05-01 15:00:00,3205.34,3232.64,3201.91,3226.83,5644,5,0
864,2025-05-01 16:00:00,3226.75,3232.98,3219.03,3224.39,5507,5,0
865,2025-05-01 17:00:00,3224.81,3231.46,3214.38,3219.02,6009,5,0
866,2025-05-01 18:00:00,3219.09,3221.75,3205.04,3216.45,5090,5,0
867,2025-05-01 19:00:00,3216.46,3220.43,3208.95,3219.47,4525,5,0
868,2025-05-01 20:00:00,3219.68,3220.67,3209.97,3214.7,4285,5,0
869,2025-05-01 21:00:00,3214.52,3226.73,3212.88,3223.89,4132,8,0
870,2025-05-01 22:00:00,3223.87,3229.82,3223.87,3228.22,4078,5,0
871,2025-05-01 23:00:00,3228.41,3239.86,3228.07,3237.89,2859,5,0
872,2025-05-02 01:00:00,3240.43,3243.45,3232.59,3237.79,2920,5,0
873,2025-05-02 02:00:00,3237.95,3241.53,3234.74,3237.31,2884,5,0
874,2025-05-02 03:00:00,3237.46,3244.27,3227.53,3231.52,4548,5,0
875,2025-05-02 04:00:00,3231.55,3237.47,3231.41,3236.43,4287,5,0
876,2025-05-02 05:00:00,3236.51,3249.34,3235.89,3248.11,4424,6,0
877,2025-05-02 06:00:00,3248.14,3258.67,3245.88,3255.0,4174,18,0
878,2025-05-02 07:00:00,3254.96,3257.39,3250.54,3251.81,4009,17,0
879,2025-05-02 08:00:00,3251.59,3256.95,3249.5,3251.9,3875,8,0
880,2025-05-02 09:00:00,3251.93,3262.34,3246.44,3252.85,4601,14,0
881,2025-05-02 10:00:00,3252.86,3263.15,3251.62,3258.91,4363,5,0
882,2025-05-02 11:00:00,3259.04,3261.59,3255.28,3258.11,4212,12,0
883,2025-05-02 12:00:00,3258.08,3267.13,3255.17,3265.22,4043,5,0
884,2025-05-02 13:00:00,3265.24,3265.68,3257.3,3259.35,4214,15,0
885,2025-05-02 14:00:00,3259.43,3269.28,3258.0,3262.65,4533,18,0
886,2025-05-02 15:00:00,3262.67,3264.95,3250.32,3250.43,5751,5,0
887,2025-05-02 16:00:00,3250.31,3259.58,3239.59,3250.48,6221,5,0
888,2025-05-02 17:00:00,3250.45,3264.57,3242.17,3262.7,5925,5,0
889,2025-05-02 18:00:00,3262.79,3264.12,3230.21,3231.54,5625,5,0
890,2025-05-02 19:00:00,3231.6,3236.25,3222.78,3224.88,5800,7,0
891,2025-05-02 20:00:00,3225.03,3239.81,3223.62,3231.4,5247,5,0
892,2025-05-02 21:00:00,3231.59,3232.33,3224.32,3226.23,4427,14,0
893,2025-05-02 22:00:00,3226.42,3234.52,3226.42,3233.4,4653,15,0
894,2025-05-02 23:00:00,3233.75,3241.4,3232.61,3240.3,2363,12,0
895,2025-05-05 01:00:00,3240.86,3244.54,3237.44,3239.55,3043,8,0
896,2025-05-05 02:00:00,3239.83,3252.2,3238.89,3247.98,3010,16,0
897,2025-05-05 03:00:00,3247.96,3248.47,3241.29,3246.71,3372,13,0
898,2025-05-05 04:00:00,3247.4,3270.83,3246.58,3264.77,4185,17,0
899,2025-05-05 05:00:00,3264.78,3272.29,3259.77,3270.07,3836,17,0
900,2025-05-05 06:00:00,3270.13,3271.16,3253.12,3254.56,3414,13,0
901,2025-05-05 07:00:00,3254.56,3259.43,3253.64,3256.52,3049,14,0
902,2025-05-05 08:00:00,3256.52,3261.94,3254.07,3259.75,3472,18,0
903,2025-05-05 09:00:00,3260.04,3265.66,3256.83,3261.68,3768,12,0
904,2025-05-05 10:00:00,3262.27,3267.69,3258.72,3264.75,3733,5,0
905,2025-05-05 11:00:00,3264.67,3282.9,3263.08,3282.32,4120,5,0
906,2025-05-05 12:00:00,3282.69,3308.93,3282.21,3308.6,4588,5,0
907,2025-05-05 13:00:00,3308.64,3318.67,3308.52,3313.31,4338,5,0
908,2025-05-05 14:00:00,3312.84,3318.94,3311.37,3312.92,3986,6,0
909,2025-05-05 15:00:00,3312.86,3322.42,3312.84,3319.55,4511,6,0
910,2025-05-05 16:00:00,3319.58,3321.05,3311.92,3315.07,4520,17,0
911,2025-05-05 17:00:00,3313.3,3328.77,3310.27,3312.7,4933,5,0
912,2025-05-05 18:00:00,3312.67,3317.72,3309.14,3311.99,4359,16,0
913,2025-05-05 19:00:00,3311.62,3313.58,3305.65,3309.77,4032,12,0
914,2025-05-05 20:00:00,3309.94,3318.17,3309.22,3317.13,3788,6,0
915,2025-05-05 21:00:00,3317.12,3323.47,3313.97,3323.15,3618,15,0
916,2025-05-05 22:00:00,3323.18,3337.54,3322.82,3328.77,4081,7,0
917,2025-05-05 23:00:00,3329.72,3334.56,3329.28,3333.96,2102,15,0
918,2025-05-06 01:00:00,3336.06,3338.0,3327.45,3330.51,2299,8,0
919,2025-05-06 02:00:00,3330.51,3335.09,3328.92,3334.04,2335,17,0
920,2025-05-06 03:00:00,3334.05,3334.31,3323.52,3329.6,3684,15,0
921,2025-05-06 04:00:00,3329.59,3381.77,3329.59,3379.46,5084,5,0
922,2025-05-06 05:00:00,3379.6,3386.99,3356.49,3358.34,4608,14,0
923,2025-05-06 06:00:00,3358.39,3372.08,3352.67,3360.45,4101,12,0
924,2025-05-06 07:00:00,3360.46,3366.1,3356.1,3363.17,3460,12,0
925,2025-05-06 08:00:00,3363.21,3364.02,3350.2,3362.05,3785,5,0
926,2025-05-06 09:00:00,3362.04,3367.92,3358.78,3364.76,3860,9,0
927,2025-05-06 10:00:00,3365.51,3379.51,3365.13,3371.25,4236,8,0
928,2025-05-06 11:00:00,3371.59,3383.06,3368.74,3377.19,4197,7,0
929,2025-05-06 12:00:00,3377.34,3383.14,3371.43,3383.14,3918,6,0
930,2025-05-06 13:00:00,3383.2,3383.78,3376.64,3383.45,3762,5,0
931,2025-05-06 14:00:00,3383.47,3384.99,3373.7,3379.17,3935,6,0
932,2025-05-06 15:00:00,3379.36,3392.27,3373.27,3391.01,4393,9,0
933,2025-05-06 16:00:00,3391.32,3397.54,3387.84,3391.75,4857,5,0
934,2025-05-06 17:00:00,3391.94,3398.01,3378.15,3386.23,4872,5,0
935,2025-05-06 18:00:00,3386.15,3399.81,3385.3,3395.08,4235,9,0
936,2025-05-06 19:00:00,3395.14,3411.61,3394.76,3408.88,4384,5,0
937,2025-05-06 20:00:00,3408.87,3417.81,3407.52,3414.0,4217,5,0
938,2025-05-06 21:00:00,3414.04,3417.48,3410.22,3415.63,3586,5,0
939,2025-05-06 22:00:00,3415.67,3424.04,3412.64,3423.26,3752,5,0
940,2025-05-06 23:00:00,3423.2,3434.75,3419.28,3430.46,3166,12,0
941,2025-05-07 01:00:00,3437.65,3437.85,3380.59,3381.28,5335,5,0
942,2025-05-07 02:00:00,3381.42,3404.55,3377.23,3400.76,4088,5,0
943,2025-05-07 03:00:00,3401.1,3401.55,3360.96,3379.66,4846,12,0
944,2025-05-07 04:00:00,3379.42,3385.15,3360.21,3374.69,4788,16,0
945,2025-05-07 05:00:00,3374.7,3393.8,3372.03,3390.51,4310,5,0
946,2025-05-07 06:00:00,3390.52,3392.63,3370.09,3375.52,3746,10,0
947,2025-05-07 07:00:00,3375.54,3387.44,3375.05,3382.17,3362,12,0
948,2025-05-07 08:00:00,3382.17,3389.4,3378.65,3387.96,3666,13,0
949,2025-05-07 09:00:00,3388.13,3395.79,3387.6,3392.47,3935,5,0
950,2025-05-07 10:00:00,3392.36,3397.4,3383.9,3387.94,3985,9,0
951,2025-05-07 11:00:00,3388.01,3388.47,3378.21,3382.79,3768,5,0
952,2025-05-07 12:00:00,3382.77,3385.13,3369.95,3369.95,3930,7,0
953,2025-05-07 13:00:00,3369.86,3393.34,3369.29,3391.37,3989,5,0
954,2025-05-07 14:00:00,3391.38,3391.45,3383.78,3387.08,3745,14,0
955,2025-05-07 15:00:00,3386.81,3393.75,3384.08,3390.76,4053,17,0
956,2025-05-07 16:00:00,3390.86,3398.09,3381.56,3394.52,4628,10,0
957,2025-05-07 17:00:00,3393.8,3394.64,3375.71,3385.95,4638,8,0
958,2025-05-07 18:00:00,3385.85,3389.51,3382.02,3385.19,4039,8,0
959,2025-05-07 19:00:00,3385.08,3389.73,3378.83,3386.89,3587,5,0
960,2025-05-07 20:00:00,3386.87,3389.81,3383.81,3385.75,3487,18,0
961,2025-05-07 21:00:00,3385.23,3397.92,3376.11,3384.63,4653,5,0
962,2025-05-07 22:00:00,3385.3,3386.98,3363.89,3371.92,4482,10,0
963,2025-05-07 23:00:00,3372.07,3374.57,3363.66,3364.44,2652,5,0
964,2025-05-08 01:00:00,3365.74,3373.53,3364.89,3369.91,2439,10,0
965,2025-05-08 02:00:00,3369.89,3377.19,3369.67,3376.44,2085,12,0
966,2025-05-08 03:00:00,3376.53,3386.95,3373.82,3380.25,3563,16,0
967,2025-05-08 04:00:00,3380.14,3409.67,3379.12,3409.04,4573,12,0
968,2025-05-08 05:00:00,3408.3,3414.78,3402.16,3402.18,4219,5,0
969,2025-05-08 06:00:00,3402.07,3408.43,3395.77,3397.04,3806,5,0
970,2025-05-08 07:00:00,3396.9,3399.23,3382.09,3382.14,3488,11,0
971,2025-05-08 08:00:00,3382.2,3384.25,3354.94,3355.36,4353,13,0
972,2025-05-08 09:00:00,3355.1,3361.85,3320.32,3329.92,4988,5,0
973,2025-05-08 10:00:00,3329.59,3349.22,3327.33,3342.95,4367,12,0
974,2025-05-08 11:00:00,3342.91,3344.23,3337.19,3339.31,3795,15,0
975,2025-05-08 12:00:00,3339.18,3344.28,3331.3,3331.93,3926,18,0
976,2025-05-08 13:00:00,3331.96,3346.65,3330.42,3342.29,4025,10,0
977,2025-05-08 14:00:00,3342.19,3345.49,3339.24,3344.39,3621,9,0
978,2025-05-08 15:00:00,3344.39,3358.56,3343.25,3356.13,4305,9,0
979,2025-05-08 16:00:00,3356.13,3369.28,3354.79,3355.96,4645,8,0
980,2025-05-08 17:00:00,3356.0,3362.93,3350.84,3356.5,4617,5,0
981,2025-05-08 18:00:00,3357.1,3360.08,3326.81,3330.57,4794,5,0
982,2025-05-08 19:00:00,3330.08,3330.11,3304.38,3310.36,4783,5,0
983,2025-05-08 20:00:00,3310.31,3311.14,3297.85,3308.32,4342,8,0
984,2025-05-08 21:00:00,3308.36,3310.89,3305.64,3308.48,3546,6,0
985,2025-05-08 22:00:00,3308.48,3309.95,3288.75,3306.37,4068,5,0
986,2025-05-08 23:00:00,3306.96,3310.84,3303.87,3305.85,2518,12,0
987,2025-05-09 01:00:00,3308.01,3323.97,3306.43,3323.92,2974,5,0
988,2025-05-09 02:00:00,3323.84,3324.02,3312.31,3316.37,2815,5,0
989,2025-05-09 03:00:00,3316.52,3323.11,3308.75,3322.15,3725,9,0
990,2025-05-09 04:00:00,3322.03,3322.28,3286.83,3291.34,4633,12,0
991,2025-05-09 05:00:00,3291.28,3308.55,3274.86,3308.29,4544,6,0
992,2025-05-09 06:00:00,3308.44,3313.32,3299.81,3308.07,3846,15,0
993,2025-05-09 07:00:00,3308.13,3327.28,3308.13,3324.64,3377,5,0
994,2025-05-09 08:00:00,3324.61,3330.25,3312.93,3321.49,3906,6,0
995,2025-05-09 09:00:00,3321.45,3326.75,3315.35,3325.31,4015,15,0
996,2025-05-09 10:00:00,3325.31,3332.15,3322.49,3327.07,4000,5,0
997,2025-05-09 11:00:00,3327.48,3328.95,3320.3,3328.51,3850,12,0
998,2025-05-09 12:00:00,3328.49,3329.31,3323.66,3325.18,3424,5,0
999,2025-05-09 13:00:00,3325.18,3329.79,3322.01,3323.3,3108,7,0
1000,2025-05-09 14:00:00,3323.33,3338.33,3323.23,3332.94,3841,13,0
1001,2025-05-09 15:00:00,3332.99,3335.61,3329.09,3333.54,3951,5,0
1002,2025-05-09 16:00:00,3333.45,3340.24,3328.78,3330.78,4607,5,0
1003,2025-05-09 17:00:00,3330.81,3341.14,3320.38,3337.13,4862,6,0
1004,2025-05-09 18:00:00,3337.11,3346.01,3336.14,3345.06,4253,13,0
1005,2025-05-09 19:00:00,3345.22,3347.53,3336.45,3336.97,3951,6,0
1006,2025-05-09 20:00:00,3336.82,3342.57,3336.06,3340.99,3602,13,0
1007,2025-05-09 21:00:00,3340.96,3342.99,3336.42,3338.83,3210,8,0
1008,2025-05-09 22:00:00,3338.77,3339.84,3325.47,3328.89,3511,17,0
1009,2025-05-09 23:00:00,3328.77,3330.26,3325.14,3327.15,2050,9,0
1010,2025-05-12 01:00:00,3291.47,3299.73,3266.77,3272.68,4618,5,0
1011,2025-05-12 02:00:00,3272.68,3288.81,3265.95,3287.58,4437,6,0
1012,2025-05-12 03:00:00,3287.78,3289.91,3272.2,3279.17,4492,14,0
1013,2025-05-12 04:00:00,3279.45,3282.04,3258.87,3271.87,5336,7,0
1014,2025-05-12 05:00:00,3271.89,3279.85,3269.52,3272.04,4662,14,0
1015,2025-05-12 06:00:00,3272.08,3284.69,3270.5,3283.26,4137,10,0
1016,2025-05-12 07:00:00,3283.26,3283.58,3275.65,3278.9,3344,5,0
1017,2025-05-12 08:00:00,3278.89,3279.68,3268.54,3276.14,4136,5,0
1018,2025-05-12 09:00:00,3276.3,3281.52,3273.02,3277.52,4682,6,0
1019,2025-05-12 10:00:00,3277.31,3277.65,3216.25,3222.72,6111,5,0
1020,2025-05-12 11:00:00,3223.55,3234.35,3220.74,3231.39,5432,5,0
1021,2025-05-12 12:00:00,3230.76,3231.16,3213.09,3214.68,4798,5,0
1022,2025-05-12 13:00:00,3214.86,3219.51,3207.74,3208.12,4995,5,0
1023,2025-05-12 14:00:00,3207.9,3229.19,3207.9,3224.79,5073,7,0
1024,2025-05-12 15:00:00,3224.39,3234.24,3220.35,3233.7,5011,7,0
1025,2025-05-12 16:00:00,3233.75,3248.54,3231.83,3240.95,5806,5,0
1026,2025-05-12 17:00:00,3240.22,3247.76,3233.46,3237.62,5585,9,0
1027,2025-05-12 18:00:00,3237.65,3243.94,3232.83,3239.41,4852,5,0
1028,2025-05-12 19:00:00,3239.18,3240.03,3223.37,3224.21,4757,9,0
1029,2025-05-12 20:00:00,3224.21,3227.52,3221.23,3223.14,4396,17,0
1030,2025-05-12 21:00:00,3223.11,3230.01,3220.35,3229.64,4105,9,0
1031,2025-05-12 22:00:00,3229.66,3238.78,3228.92,3235.35,4291,14,0
1032,2025-05-12 23:00:00,3235.36,3238.42,3232.66,3234.4,2123,16,0
1033,2025-05-13 01:00:00,3238.82,3241.83,3229.78,3233.88,2719,8,0
1034,2025-05-13 02:00:00,3233.89,3240.02,3233.51,3236.72,2634,13,0
1035,2025-05-13 03:00:00,3236.84,3243.21,3233.93,3239.93,4074,11,0
1036,2025-05-13 04:00:00,3239.92,3243.36,3215.99,3224.85,5283,8,0
1037,2025-05-13 05:00:00,3225.21,3241.29,3223.17,3228.85,4646,16,0
1038,2025-05-13 06:00:00,3228.87,3238.4,3228.31,3236.69,3996,5,0
1039,2025-05-13 07:00:00,3236.68,3253.4,3234.96,3252.54,3573,7,0
1040,2025-05-13 08:00:00,3252.83,3260.68,3251.15,3256.3,4284,7,0
1041,2025-05-13 09:00:00,3256.78,3265.43,3247.37,3262.14,4681,5,0
1042,2025-05-13 10:00:00,3262.1,3264.87,3254.34,3259.0,4524,5,0
1043,2025-05-13 11:00:00,3259.2,3261.1,3250.42,3255.59,4164,17,0
1044,2025-05-13 12:00:00,3255.49,3256.63,3250.53,3253.39,3880,10,0
1045,2025-05-13 13:00:00,3253.41,3256.28,3251.17,3252.82,3640,9,0
1046,2025-05-13 14:00:00,3252.82,3258.62,3248.8,3249.14,4138,6,0
1047,2025-05-13 15:00:00,3249.18,3249.93,3237.38,3242.1,5408,5,0
1048,2025-05-13 16:00:00,3241.67,3246.81,3227.39,3227.55,5787,11,0
1049,2025-05-13 17:00:00,3227.65,3248.72,3225.57,3242.5,5487,6,0
1050,2025-05-13 18:00:00,3243.0,3255.86,3242.15,3253.44,5079,5,0
1051,2025-05-13 19:00:00,3253.35,3257.82,3248.81,3251.03,4519,5,0
1052,2025-05-13 20:00:00,3251.0,3252.69,3242.03,3247.06,4176,6,0
1053,2025-05-13 21:00:00,3247.05,3250.78,3245.68,3248.71,3768,15,0
1054,2025-05-13 22:00:00,3248.9,3251.13,3246.35,3249.52,3697,15,0
1055,2025-05-13 23:00:00,3249.48,3254.82,3248.12,3249.98,2124,9,0
1056,2025-05-14 01:00:00,3249.67,3254.62,3249.47,3254.55,1695,8,0
1057,2025-05-14 02:00:00,3254.47,3257.05,3252.12,3254.38,1949,15,0
1058,2025-05-14 03:00:00,3254.5,3254.64,3240.6,3243.78,3755,6,0
1059,2025-05-14 04:00:00,3244.06,3251.56,3237.32,3238.95,4403,5,0
1060,2025-05-14 05:00:00,3238.59,3241.45,3229.44,3232.79,4140,10,0
1061,2025-05-14 06:00:00,3232.77,3233.69,3226.29,3228.38,3760,5,0
1062,2025-05-14 07:00:00,3228.45,3230.35,3222.64,3223.97,3406,6,0
1063,2025-05-14 08:00:00,3223.95,3234.34,3221.83,3233.78,3782,6,0
1064,2025-05-14 09:00:00,3233.85,3236.73,3227.71,3227.98,3930,10,0
1065,2025-05-14 10:00:00,3228.63,3238.89,3224.28,3238.14,4155,5,0
1066,2025-05-14 11:00:00,3237.89,3243.79,3230.79,3232.55,4257,8,0
1067,2025-05-14 12:00:00,3232.58,3236.52,3229.18,3232.28,4059,7,0
1068,2025-05-14 13:00:00,3232.2,3236.57,3229.64,3235.75,3594,15,0
1069,2025-05-14 14:00:00,3235.77,3239.2,3219.5,3220.16,3935,8,0
1070,2025-05-14 15:00:00,3220.67,3222.49,3184.14,3184.73,5157,8,0
1071,2025-05-14 16:00:00,3184.36,3198.29,3175.03,3191.44,5183,5,0
1072,2025-05-14 17:00:00,3191.46,3194.3,3179.39,3181.86,4815,5,0
1073,2025-05-14 18:00:00,3181.83,3186.61,3179.16,3182.59,4339,6,0
1074,2025-05-14 19:00:00,3183.04,3190.94,3173.84,3188.55,4217,6,0
1075,2025-05-14 20:00:00,3188.59,3190.43,3180.97,3181.93,3750,7,0
1076,2025-05-14 21:00:00,3182.28,3183.04,3171.74,3171.9,3617,6,0
1077,2025-05-14 22:00:00,3171.89,3181.53,3168.03,3180.7,3863,5,0
1078,2025-05-14 23:00:00,3180.68,3183.22,3176.92,3177.4,2261,15,0
1079,2025-05-15 01:00:00,3178.39,3184.01,3177.74,3182.72,2003,9,0
1080,2025-05-15 02:00:00,3182.65,3187.29,3181.25,3186.05,2109,15,0
1081,2025-05-15 03:00:00,3185.78,3187.88,3180.3,3187.81,3367,6,0
1082,2025-05-15 04:00:00,3187.75,3192.65,3171.35,3172.37,4418,14,0
1083,2025-05-15 05:00:00,3172.37,3175.57,3150.17,3153.85,4443,14,0
1084,2025-05-15 06:00:00,3154.17,3157.01,3148.38,3150.54,3682,12,0
1085,2025-05-15 07:00:00,3150.42,3152.53,3135.63,3138.61,3560,5,0
1086,2025-05-15 08:00:00,3138.78,3143.03,3123.59,3128.75,3996,5,0
1087,2025-05-15 09:00:00,3128.76,3153.81,3120.78,3149.92,4820,5,0
1088,2025-05-15 10:00:00,3149.73,3151.91,3130.63,3142.34,4493,7,0
1089,2025-05-15 11:00:00,3142.27,3164.14,3139.16,3162.62,4297,5,0
1090,2025-05-15 12:00:00,3162.58,3171.48,3159.38,3165.3,4081,5,0
1091,2025-05-15 13:00:00,3165.24,3179.08,3164.2,3178.37,3846,5,0
1092,2025-05-15 14:00:00,3178.31,3180.02,3172.5,3179.17,3826,6,0
1093,2025-05-15 15:00:00,3179.0,3189.84,3177.59,3188.87,4469,5,0
1094,2025-05-15 16:00:00,3189.18,3199.61,3185.3,3192.43,5112,5,0
1095,2025-05-15 17:00:00,3192.17,3207.15,3190.52,3205.26,4955,13,0
1096,2025-05-15 18:00:00,3205.32,3219.97,3204.61,3219.75,4548,5,0
1097,2025-05-15 19:00:00,3219.76,3222.63,3215.9,3222.4,3784,11,0
1098,2025-05-15 20:00:00,3222.48,3229.06,3216.5,3221.17,4001,5,0
1099,2025-05-15 21:00:00,3221.15,3225.96,3219.89,3223.22,3411,8,0
1100,2025-05-15 22:00:00,3223.26,3232.66,3222.29,3231.99,3599,11,0
1101,2025-05-15 23:00:00,3231.85,3240.5,3231.13,3239.64,2563,10,0
1102,2025-05-16 01:00:00,3238.34,3252.14,3236.99,3251.12,3245,8,0
1103,2025-05-16 02:00:00,3251.19,3251.21,3236.59,3237.16,3459,5,0
1104,2025-05-16 03:00:00,3237.2,3244.0,3232.06,3243.15,4465,7,0
1105,2025-05-16 04:00:00,3243.16,3244.41,3215.01,3222.39,5246,5,0
1106,2025-05-16 05:00:00,3222.11,3227.44,3212.92,3215.38,4375,12,0
1107,2025-05-16 06:00:00,3215.34,3217.41,3206.57,3211.94,4278,15,0
1108,2025-05-16 07:00:00,3211.79,3222.32,3211.75,3219.64,3500,7,0
1109,2025-05-16 08:00:00,3219.58,3222.33,3212.04,3218.59,4016,6,0
1110,2025-05-16 09:00:00,3218.26,3231.23,3212.88,3214.88,4643,5,0
1111,2025-05-16 10:00:00,3214.95,3218.03,3205.41,3207.8,4430,5,0
1112,2025-05-16 11:00:00,3207.68,3209.21,3195.65,3207.44,4376,5,0
1113,2025-05-16 12:00:00,3207.32,3212.88,3203.83,3209.27,3938,5,0
1114,2025-05-16 13:00:00,3209.4,3211.1,3169.14,3175.51,4841,5,0
1115,2025-05-16 14:00:00,3175.97,3179.17,3154.35,3163.16,4845,5,0
1116,2025-05-16 15:00:00,3163.3,3181.94,3154.87,3177.45,5166,5,0
1117,2025-05-16 16:00:00,3177.5,3186.68,3169.47,3180.45,5501,5,0
1118,2025-05-16 17:00:00,3180.63,3188.52,3166.26,3173.24,5457,5,0
1119,2025-05-16 18:00:00,3173.27,3185.11,3172.88,3183.53,4584,5,0
1120,2025-05-16 19:00:00,3183.41,3189.75,3180.46,3189.33,4493,7,0
1121,2025-05-16 20:00:00,3189.32,3192.16,3183.47,3189.4,4214,5,0
1122,2025-05-16 21:00:00,3189.52,3191.13,3184.84,3187.45,3632,15,0
1123,2025-05-16 22:00:00,3187.51,3195.72,3187.51,3192.6,3718,14,0
1124,2025-05-16 23:00:00,3192.57,3202.87,3192.2,3201.0,2725,8,0
1125,2025-05-19 01:00:00,3219.73,3240.78,3206.42,3239.27,4685,5,0
1126,2025-05-19 02:00:00,3239.23,3245.21,3226.63,3234.86,3890,5,0
1127,2025-05-19 03:00:00,3234.94,3249.75,3233.5,3246.44,4717,5,0
1128,2025-05-19 04:00:00,3246.12,3246.42,3214.68,3218.39,5150,5,0
1129,2025-05-19 05:00:00,3218.12,3230.05,3217.12,3228.42,4207,15,0
1130,2025-05-19 06:00:00,3228.49,3230.48,3208.12,3212.23,3774,5,0
1131,2025-05-19 07:00:00,3212.22,3218.1,3206.69,3215.89,3008,7,0
1132,2025-05-19 08:00:00,3215.91,3224.28,3214.91,3224.03,3509,6,0
1133,2025-05-19 09:00:00,3223.97,3231.62,3220.29,3224.15,4812,5,0
1134,2025-05-19 10:00:00,3224.05,3234.6,3224.05,3232.33,4741,10,0
1135,2025-05-19 11:00:00,3232.39,3244.89,3230.07,3244.46,4433,7,0
1136,2025-05-19 12:00:00,3244.7,3247.62,3233.75,3242.01,4322,5,0
1137,2025-05-19 13:00:00,3242.01,3245.17,3234.29,3241.74,4011,9,0
1138,2025-05-19 14:00:00,3241.73,3248.47,3239.18,3243.78,3805,7,0
1139,2025-05-19 15:00:00,3243.77,3244.42,3228.9,3229.28,4618,5,0
1140,2025-05-19 16:00:00,3229.23,3241.63,3224.6,3229.93,5280,10,0
1141,2025-05-19 17:00:00,3229.9,3236.01,3217.34,3233.9,5126,13,0
1142,2025-05-19 18:00:00,3233.91,3239.76,3229.7,3231.57,4615,12,0
1143,2025-05-19 19:00:00,3231.51,3234.21,3228.1,3231.85,4125,9,0
1144,2025-05-19 20:00:00,3231.87,3233.19,3225.57,3226.38,3963,5,0
1145,2025-05-19 21:00:00,3226.46,3235.13,3225.18,3233.47,3577,17,0
1146,2025-05-19 22:00:00,3233.49,3235.78,3231.66,3233.04,3353,13,0
1147,2025-05-19 23:00:00,3233.12,3233.8,3228.05,3230.12,2114,17,0
1148,2025-05-20 01:00:00,3230.75,3230.78,3224.68,3226.77,1740,7,0
1149,2025-05-20 02:00:00,3226.77,3227.5,3219.08,3222.53,2696,12,0
1150,2025-05-20 03:00:00,3223.01,3224.13,3214.33,3222.79,3888,16,0
1151,2025-05-20 04:00:00,3223.3,3232.65,3220.63,3221.07,4692,5,0
1152,2025-05-20 05:00:00,3221.12,3222.98,3206.49,3206.71,4624,11,0
1153,2025-05-20 06:00:00,3206.57,3214.12,3204.57,3211.42,3972,5,0
1154,2025-05-20 07:00:00,3211.39,3218.01,3211.22,3217.28,3481,5,0
1155,2025-05-20 08:00:00,3217.1,3219.81,3209.92,3213.81,4219,9,0
1156,2025-05-20 09:00:00,3213.17,3219.19,3208.7,3209.76,4483,15,0
1157,2025-05-20 10:00:00,3209.76,3225.36,3207.97,3222.87,4417,10,0
1158,2025-05-20 11:00:00,3222.91,3235.83,3218.3,3235.83,4256,5,0
1159,2025-05-20 12:00:00,3235.95,3239.29,3230.6,3236.36,4439,5,0
1160,2025-05-20 13:00:00,3236.33,3238.41,3231.94,3235.3,3895,5,0
1161,2025-05-20 14:00:00,3235.45,3241.74,3235.14,3241.13,3484,5,0
1162,2025-05-20 15:00:00,3241.15,3250.76,3234.46,3242.8,4743,6,0
1163,2025-05-20 16:00:00,3242.39,3261.53,3232.88,3261.18,5417,12,0
1164,2025-05-20 17:00:00,3261.59,3285.71,3260.72,3282.3,5944,7,0
1165,2025-05-20 18:00:00,3282.49,3283.53,3273.41,3277.2,4911,5,0
1166,2025-05-20 19:00:00,3277.13,3282.59,3275.26,3278.94,4255,7,0
1167,2025-05-20 20:00:00,3278.86,3287.81,3278.31,3286.46,4254,14,0
1168,2025-05-20 21:00:00,3286.47,3289.68,3284.16,3287.65,4123,5,0
1169,2025-05-20 22:00:00,3287.53,3295.08,3287.28,3294.1,4130,5,0
1170,2025-05-20 23:00:00,3294.1,3295.68,3289.29,3289.66,2526,5,0
1171,2025-05-21 01:00:00,3289.94,3304.16,3289.94,3296.84,3466,9,0
1172,2025-05-21 02:00:00,3296.84,3296.84,3288.59,3290.59,3028,16,0
1173,2025-05-21 03:00:00,3290.63,3304.2,3288.97,3303.46,4344,5,0
1174,2025-05-21 04:00:00,3303.46,3314.48,3285.56,3294.6,5421,12,0
1175,2025-05-21 05:00:00,3294.57,3305.09,3289.35,3301.76,4781,15,0
1176,2025-05-21 06:00:00,3301.77,3309.64,3299.22,3307.6,4060,16,0
1177,2025-05-21 07:00:00,3307.51,3308.28,3301.21,3302.11,3482,5,0
1178,2025-05-21 08:00:00,3302.12,3319.56,3298.47,3316.46,4413,5,0
1179,2025-05-21 09:00:00,3316.16,3320.67,3310.82,3320.02,4862,6,0
1180,2025-05-21 10:00:00,3319.57,3319.6,3307.86,3309.78,4631,5,0
1181,2025-05-21 11:00:00,3310.22,3312.26,3303.98,3308.48,4400,8,0
1182,2025-05-21 12:00:00,3308.54,3313.51,3307.17,3313.5,4295,7,0
1183,2025-05-21 13:00:00,3313.7,3318.23,3308.62,3311.75,4372,9,0
1184,2025-05-21 14:00:00,3311.77,3316.41,3306.55,3311.19,4481,5,0
1185,2025-05-21 15:00:00,3311.21,3312.65,3290.95,3302.52,5392,8,0
1186,2025-05-21 16:00:00,3302.71,3309.57,3295.46,3303.66,5466,15,0
1187,2025-05-21 17:00:00,3303.62,3307.68,3295.43,3304.36,5221,16,0
1188,2025-05-21 18:00:00,3304.51,3315.17,3303.58,3311.97,4853,5,0
1189,2025-05-21 19:00:00,3311.95,3314.63,3302.75,3303.08,4378,15,0
1190,2025-05-21 20:00:00,3303.1,3316.35,3302.78,3316.33,4866,7,0
1191,2025-05-21 21:00:00,3316.36,3316.46,3312.02,3314.33,4139,7,0
1192,2025-05-21 22:00:00,3314.34,3324.84,3314.34,3318.34,4623,7,0
1193,2025-05-21 23:00:00,3318.49,3319.84,3313.21,3315.11,2495,5,0
1194,2025-05-22 01:00:00,3316.05,3321.02,3315.63,3317.94,2601,9,0
1195,2025-05-22 02:00:00,3317.92,3324.13,3317.33,3320.02,2987,15,0
1196,2025-05-22 03:00:00,3320.32,3326.24,3319.41,3323.77,3991,8,0
1197,2025-05-22 04:00:00,3323.77,3342.84,3320.5,3338.03,5206,6,0
1198,2025-05-22 05:00:00,3338.13,3344.68,3336.57,3341.11,4411,14,0
1199,2025-05-22 06:00:00,3341.14,3345.31,3334.9,3335.43,4017,15,0
1200,2025-05-22 07:00:00,3335.41,3339.12,3332.78,3338.56,3318,5,0
1201,2025-05-22 08:00:00,3338.56,3339.41,3326.33,3332.34,3832,9,0
1202,2025-05-22 09:00:00,3332.34,3335.5,3325.68,3326.46,4553,13,0
1203,2025-05-22 10:00:00,3326.5,3331.22,3322.61,3327.54,4670,7,0
1204,2025-05-22 11:00:00,3327.5,3329.91,3310.27,3311.35,5119,11,0
1205,2025-05-22 12:00:00,3311.25,3313.79,3304.22,3304.79,4611,5,0
1206,2025-05-22 13:00:00,3304.64,3307.46,3288.5,3289.71,4931,8,0
1207,2025-05-22 14:00:00,3289.35,3314.71,3283.15,3314.56,5297,5,0
1208,2025-05-22 15:00:00,3314.35,3314.52,3300.94,3304.04,5414,12,0
1209,2025-05-22 16:00:00,3304.16,3315.72,3286.94,3287.9,5688,7,0
1210,2025-05-22 17:00:00,3287.7,3304.47,3279.37,3296.96,5453,8,0
1211,2025-05-22 18:00:00,3297.15,3298.77,3281.49,3294.75,5266,8,0
1212,2025-05-22 19:00:00,3294.86,3304.8,3291.13,3301.54,4632,15,0
1213,2025-05-22 20:00:00,3301.56,3301.76,3290.32,3296.63,4493,15,0
1214,2025-05-22 21:00:00,3296.78,3298.86,3292.37,3293.82,4123,13,0
1215,2025-05-22 22:00:00,3294.02,3297.07,3289.09,3290.32,3964,15,0
1216,2025-05-22 23:00:00,3290.32,3295.53,3289.61,3294.71,2173,8,0
1217,2025-05-23 01:00:00,3294.54,3299.36,3294.13,3297.76,1930,9,0
1218,2025-05-23 02:00:00,3297.76,3301.98,3297.41,3300.05,2029,15,0
1219,2025-05-23 03:00:00,3300.07,3308.85,3287.05,3300.93,4594,6,0
1220,2025-05-23 04:00:00,3301.35,3306.4,3295.95,3305.17,4859,8,0
1221,2025-05-23 05:00:00,3305.28,3305.28,3291.05,3296.94,4246,12,0
1222,2025-05-23 06:00:00,3296.87,3303.37,3296.56,3302.07,3593,13,0
1223,2025-05-23 07:00:00,3302.02,3316.14,3301.94,3313.6,3707,5,0
1224,2025-05-23 08:00:00,3313.55,3325.69,3312.55,3323.79,4406,7,0
1225,2025-05-23 09:00:00,3323.64,3331.98,3323.09,3330.94,4871,5,0
1226,2025-05-23 10:00:00,3331.09,3334.33,3326.75,3329.25,4425,13,0
1227,2025-05-23 11:00:00,3329.14,3329.43,3322.62,3326.37,4125,7,0
1228,2025-05-23 12:00:00,3326.37,3334.07,3324.94,3328.62,4268,5,0
1229,2025-05-23 13:00:00,3328.72,3331.8,3323.46,3328.63,3944,5,0
1230,2025-05-23 14:00:00,3328.58,3349.74,3324.56,3348.03,5077,8,0
1231,2025-05-23 15:00:00,3347.43,3360.43,3344.95,3357.07,5930,5,0
1232,2025-05-23 16:00:00,3357.49,3364.53,3337.22,3339.99,5956,5,0
1233,2025-05-23 17:00:00,3340.3,3359.61,3336.56,3359.19,5581,8,0
1234,2025-05-23 18:00:00,3359.21,3362.36,3352.1,3361.68,5131,14,0
1235,2025-05-23 19:00:00,3361.9,3364.55,3357.39,3359.02,4504,5,0
1236,2025-05-23 20:00:00,3359.01,3365.87,3356.45,3362.64,4154,14,0
1237,2025-05-23 21:00:00,3362.65,3365.84,3361.11,3362.06,3831,7,0
1238,2025-05-23 22:00:00,3362.13,3365.69,3358.31,3360.69,3839,5,0
1239,2025-05-23 23:00:00,3360.83,3361.69,3357.14,3357.9,2109,14,0
1240,2025-05-26 01:00:00,3353.88,3356.33,3341.4,3344.34,3486,5,0
1241,2025-05-26 02:00:00,3344.51,3350.64,3341.47,3342.63,2611,12,0
1242,2025-05-26 03:00:00,3342.76,3346.17,3331.6,3341.82,3822,14,0
1243,2025-05-26 04:00:00,3342.6,3347.6,3335.68,3345.02,4493,7,0
1244,2025-05-26 05:00:00,3344.71,3356.76,3343.36,3348.21,4042,8,0
1245,2025-05-26 06:00:00,3348.17,3349.97,3344.34,3347.63,3323,8,0
1246,2025-05-26 07:00:00,3347.59,3351.1,3346.3,3349.84,2885,12,0
1247,2025-05-26 08:00:00,3349.83,3351.83,3344.36,3347.43,3366,9,0
1248,2025-05-26 09:00:00,3347.36,3347.51,3337.09,3337.18,3838,5,0
1249,2025-05-26 10:00:00,3337.15,3338.68,3332.21,3337.33,3800,14,0
1250,2025-05-26 11:00:00,3337.34,3339.64,3331.13,3334.39,3666,15,0
1251,2025-05-26 12:00:00,3334.77,3336.12,3323.52,3328.53,3490,8,0
1252,2025-05-26 13:00:00,3328.54,3333.5,3328.54,3331.53,2476,13,0
1253,2025-05-26 14:00:00,3331.54,3334.37,3329.23,3333.1,2379,15,0
1254,2025-05-26 15:00:00,3333.21,3335.03,3326.37,3334.39,3312,16,0
1255,2025-05-26 16:00:00,3334.4,3336.83,3331.49,3335.3,1101,8,0
1256,2025-05-26 17:00:00,3338.32,3338.86,3335.53,3337.25,1178,6,0
1257,2025-05-26 18:00:00,3337.24,3339.71,3336.88,3337.95,2370,12,0
1258,2025-05-26 19:00:00,3337.95,3343.54,3337.58,3342.11,2003,5,0
1259,2025-05-26 20:00:00,3342.1,3343.09,3340.48,3341.22,1531,17,0
1260,2025-05-26 21:00:00,3341.25,3343.16,3340.97,3342.19,765,17,0
1261,2025-05-27 01:00:00,3343.87,3348.79,3342.82,3347.57,2199,9,0
1262,2025-05-27 02:00:00,3347.66,3348.48,3344.58,3346.13,2077,5,0
1263,2025-05-27 03:00:00,3346.12,3349.77,3342.5,3345.04,3702,6,0
1264,2025-05-27 04:00:00,3345.08,3347.34,3331.75,3335.93,4530,14,0
1265,2025-05-27 05:00:00,3335.99,3344.38,3335.06,3342.99,4025,12,0
1266,2025-05-27 06:00:00,3342.92,3347.26,3340.89,3341.11,3333,5,0
1267,2025-05-27 07:00:00,3341.12,3341.46,3330.72,3330.9,3339,5,0
1268,2025-05-27 08:00:00,3330.9,3332.66,3316.08,3323.51,4874,5,0
1269,2025-05-27 09:00:00,3323.53,3328.39,3305.15,3308.78,5180,6,0
1270,2025-05-27 10:00:00,3308.74,3312.4,3292.64,3296.38,3085,5,0
1271,2025-05-27 11:00:00,3296.24,3310.38,3296.24,3298.56,4979,5,0
1272,2025-05-27 12:00:00,3298.58,3309.59,3294.72,3296.33,4753,5,0
1273,2025-05-27 13:00:00,3296.16,3299.34,3290.86,3293.24,4443,7,0
1274,2025-05-27 14:00:00,3293.46,3298.11,3287.84,3288.35,4661,5,0
1275,2025-05-27 15:00:00,3288.23,3297.9,3288.03,3293.81,4952,5,0
1276,2025-05-27 16:00:00,3294.19,3304.66,3292.34,3295.33,5461,5,0
1277,2025-05-27 17:00:00,3294.69,3303.26,3284.9,3299.87,5335,5,0
1278,2025-05-27 18:00:00,3299.73,3303.04,3289.73,3293.57,4848,5,0
1279,2025-05-27 19:00:00,3293.7,3298.78,3293.05,3297.79,4094,15,0
1280,2025-05-27 20:00:00,3297.84,3304.35,3296.87,3301.35,3955,5,0
1281,2025-05-27 21:00:00,3301.37,3303.96,3299.18,3303.09,3480,5,0
1282,2025-05-27 22:00:00,3303.1,3307.96,3302.99,3307.39,2529,17,0
1283,2025-05-27 23:00:00,3304.8,3305.1,3299.58,3300.56,1736,5,0
1284,2025-05-28 01:00:00,3301.03,3305.67,3301.03,3303.06,2058,5,0
1285,2025-05-28 02:00:00,3303.47,3310.9,3298.18,3309.43,2346,6,0
1286,2025-05-28 03:00:00,3309.46,3315.76,3308.24,3308.51,2944,11,0
1287,2025-05-28 04:00:00,3308.44,3310.79,3298.67,3301.82,3923,5,0
1288,2025-05-28 05:00:00,3301.64,3313.48,3300.34,3302.38,3938,13,0
1289,2025-05-28 06:00:00,3302.24,3304.04,3291.68,3297.77,3814,10,0
1290,2025-05-28 07:00:00,3297.74,3299.32,3294.4,3296.41,3009,5,0
1291,2025-05-28 08:00:00,3296.29,3310.28,3296.03,3307.24,3739,6,0
1292,2025-05-28 09:00:00,3307.26,3308.7,3298.39,3308.33,4006,5,0
1293,2025-05-28 10:00:00,3308.31,3322.36,3307.27,3319.27,4349,6,0
1294,2025-05-28 11:00:00,3319.15,3323.77,3315.18,3321.57,4062,9,0
1295,2025-05-28 12:00:00,3321.58,3325.44,3320.15,3324.1,3369,17,0
1296,2025-05-28 13:00:00,3324.18,3324.71,3311.88,3313.41,3452,8,0
1297,2025-05-28 14:00:00,3313.5,3315.09,3307.47,3311.19,3754,13,0
1298,2025-05-28 15:00:00,3311.52,3314.52,3305.38,3312.27,4121,16,0
1299,2025-05-28 16:00:00,3312.26,3316.28,3297.7,3305.15,4809,5,0
1300,2025-05-28 17:00:00,3305.33,3309.03,3300.49,3302.58,4619,15,0
1301,2025-05-28 18:00:00,3302.61,3302.72,3292.58,3296.04,4353,5,0
1302,2025-05-28 19:00:00,3296.26,3299.21,3288.62,3293.44,3965,17,0
1303,2025-05-28 20:00:00,3293.66,3299.01,3291.34,3296.83,3567,9,0
1304,2025-05-28 21:00:00,3296.82,3302.95,3296.61,3302.27,3653,16,0
1305,2025-05-28 22:00:00,3302.05,3303.04,3293.88,3297.02,3898,5,0
1306,2025-05-28 23:00:00,3297.14,3297.28,3276.94,3288.64,2365,6,0
1307,2025-05-29 01:00:00,3287.71,3295.15,3282.12,3286.65,3087,6,0
1308,2025-05-29 02:00:00,3286.58,3287.69,3250.33,3259.87,5425,5,0
1309,2025-05-29 03:00:00,3259.94,3269.05,3253.83,3264.81,5589,5,0
1310,2025-05-29 04:00:00,3265.03,3265.76,3245.52,3263.55,5658,8,0
1311,2025-05-29 05:00:00,3263.56,3275.39,3261.04,3269.95,4934,8,0
1312,2025-05-29 06:00:00,3269.97,3280.09,3268.1,3274.56,4461,12,0
1313,2025-05-29 07:00:00,3274.58,3275.39,3269.08,3269.13,3847,16,0
1314,2025-05-29 08:00:00,3269.28,3272.7,3266.04,3272.48,4254,5,0
1315,2025-05-29 09:00:00,3272.51,3276.35,3268.09,3271.61,4743,5,0
1316,2025-05-29 10:00:00,3271.78,3287.42,3271.78,3286.62,4580,9,0
1317,2025-05-29 11:00:00,3286.28,3289.25,3278.21,3281.75,4327,13,0
1318,2025-05-29 12:00:00,3281.67,3283.21,3276.25,3282.05,3986,6,0
1319,2025-05-29 13:00:00,3282.07,3300.73,3281.98,3296.68,4715,5,0
1320,2025-05-29 14:00:00,3296.64,3305.46,3295.42,3299.74,4621,5,0
1321,2025-05-29 15:00:00,3300.02,3317.49,3298.66,3316.45,5632,8,0
1322,2025-05-29 16:00:00,3316.52,3322.02,3310.33,3312.6,6007,7,0
1323,2025-05-29 17:00:00,3313.49,3319.48,3304.8,3310.3,5644,8,0
1324,2025-05-29 18:00:00,3310.32,3321.97,3309.78,3321.62,4901,5,0
1325,2025-05-29 19:00:00,3321.89,3331.23,3319.79,3322.26,4728,5,0
1326,2025-05-29 20:00:00,3322.28,3324.42,3318.12,3324.21,4335,5,0
1327,2025-05-29 21:00:00,3324.21,3325.74,3317.59,3321.13,4142,13,0
1328,2025-05-29 22:00:00,3321.1,3321.47,3315.56,3316.59,3928,13,0
1329,2025-05-29 23:00:00,3316.54,3318.28,3315.31,3317.56,1775,5,0
1330,2025-05-30 01:00:00,3318.43,3320.96,3313.64,3314.32,2176,5,0
1331,2025-05-30 02:00:00,3314.48,3317.24,3312.93,3315.54,2545,9,0
1332,2025-05-30 03:00:00,3315.68,3318.83,3309.65,3312.52,3762,5,0
1333,2025-05-30 04:00:00,3312.51,3322.7,3308.16,3310.07,4879,5,0
1334,2025-05-30 05:00:00,3309.71,3312.18,3295.06,3297.19,4692,5,0
1335,2025-05-30 06:00:00,3297.29,3302.31,3291.27,3294.5,4027,5,0
1336,2025-05-30 07:00:00,3294.5,3296.36,3291.62,3296.28,3125,8,0
1337,2025-05-30 08:00:00,3296.22,3305.02,3290.25,3303.88,3887,7,0
1338,2025-05-30 09:00:00,3303.75,3304.21,3290.46,3301.71,4612,5,0
1339,2025-05-30 10:00:00,3301.62,3301.62,3287.51,3294.98,4435,16,0
1340,2025-05-30 11:00:00,3294.57,3299.25,3291.61,3295.77,4310,9,0
1341,2025-05-30 12:00:00,3295.54,3299.2,3292.61,3295.62,3712,8,0
1342,2025-05-30 13:00:00,3295.54,3300.61,3292.55,3295.21,3580,6,0
1343,2025-05-30 14:00:00,3295.21,3297.25,3288.67,3294.03,3972,8,0
1344,2025-05-30 15:00:00,3294.08,3306.73,3282.82,3304.09,5505,5,0
1345,2025-05-30 16:00:00,3303.96,3308.24,3275.32,3276.66,5571,8,0
1346,2025-05-30 17:00:00,3277.06,3287.28,3271.82,3282.7,5791,6,0
1347,2025-05-30 18:00:00,3282.68,3292.67,3276.06,3288.62,5111,16,0
1348,2025-05-30 19:00:00,3288.59,3295.66,3284.05,3293.52,4701,11,0
1349,2025-05-30 20:00:00,3293.32,3294.77,3289.79,3290.95,3897,16,0
1350,2025-05-30 21:00:00,3290.95,3295.02,3290.95,3293.78,3514,17,0
1351,2025-05-30 22:00:00,3293.81,3295.14,3291.69,3294.86,3529,16,0
1352,2025-05-30 23:00:00,3294.92,3295.71,3288.72,3288.72,1987,16,0
1353,2025-06-02 01:00:00,3298.35,3314.87,3295.92,3313.1,3745,5,0
1354,2025-06-02 02:00:00,3313.06,3316.57,3309.29,3310.17,2462,15,0
1355,2025-06-02 03:00:00,3310.18,3314.92,3303.34,3311.35,3786,14,0
1356,2025-06-02 04:00:00,3311.33,3313.82,3301.45,3303.53,3920,16,0
1357,2025-06-02 05:00:00,3303.56,3311.52,3303.36,3307.29,3375,13,0
1358,2025-06-02 06:00:00,3307.18,3308.93,3303.38,3308.73,3271,16,0
1359,2025-06-02 07:00:00,3308.83,3318.21,3308.83,3313.88,3101,12,0
1360,2025-06-02 08:00:00,3313.94,3325.61,3313.87,3323.71,3392,5,0
1361,2025-06-02 09:00:00,3323.87,3345.32,3323.78,3344.4,4229,5,0
1362,2025-06-02 10:00:00,3344.46,3358.82,3343.25,3352.55,4550,6,0
1363,2025-06-02 11:00:00,3352.53,3356.35,3350.06,3352.09,3673,5,0
1364,2025-06-02 12:00:00,3352.13,3352.49,3344.47,3348.29,3713,5,0
1365,2025-06-02 13:00:00,3348.38,3351.38,3344.62,3348.59,3730,5,0
1366,2025-06-02 14:00:00,3348.56,3360.05,3346.13,3356.33,4069,5,0
1367,2025-06-02 15:00:00,3356.12,3363.64,3354.03,3355.44,4523,5,0
1368,2025-06-02 16:00:00,3355.6,3376.21,3350.26,3370.85,5019,5,0
1369,2025-06-02 17:00:00,3374.01,3378.73,3367.73,3376.06,5272,5,0
1370,2025-06-02 18:00:00,3375.87,3378.78,3369.87,3374.24,4582,8,0
1371,2025-06-02 19:00:00,3374.28,3379.19,3369.29,3371.53,4088,5,0
1372,2025-06-02 20:00:00,3371.4,3375.95,3371.24,3374.34,3803,8,0
1373,2025-06-02 21:00:00,3374.33,3380.01,3370.81,3379.22,3660,5,0
1374,2025-06-02 22:00:00,3379.15,3382.34,3377.89,3381.55,3739,5,0
1375,2025-06-02 23:00:00,3381.79,3382.92,3378.4,3381.6,2252,5,0
1376,2025-06-03 01:00:00,3382.82,3391.36,3382.13,3390.02,2758,5,0
1377,2025-06-03 02:00:00,3390.07,3392.24,3383.16,3387.28,2535,5,0
1378,2025-06-03 03:00:00,3387.36,3388.6,3373.82,3375.89,3719,5,0
1379,2025-06-03 04:00:00,3375.9,3375.98,3363.31,3372.62,4633,5,0
1380,2025-06-03 05:00:00,3372.72,3377.95,3364.47,3368.84,4216,15,0
1381,2025-06-03 06:00:00,3368.71,3369.61,3359.93,3361.02,3702,13,0
1382,2025-06-03 07:00:00,3361.14,3365.15,3359.29,3362.74,3226,5,0
1383,2025-06-03 08:00:00,3362.78,3367.67,3356.39,3364.97,3720,5,0
1384,2025-06-03 09:00:00,3364.94,3367.28,3351.24,3358.85,4137,5,0
1385,2025-06-03 10:00:00,3358.38,3361.22,3352.55,3359.63,4133,5,0
1386,2025-06-03 11:00:00,3359.7,3364.83,3359.7,3361.15,3705,5,0
1387,2025-06-03 12:00:00,3360.95,3362.65,3354.99,3356.83,3537,5,0
1388,2025-06-03 13:00:00,3356.87,3358.64,3354.95,3355.5,3325,5,0
1389,2025-06-03 14:00:00,3355.56,3360.51,3353.59,3359.3,3454,7,0
1390,2025-06-03 15:00:00,3359.38,3362.99,3349.08,3359.37,4348,10,0
1391,2025-06-03 16:00:00,3359.61,3363.13,3341.1,3345.8,4615,5,0
1392,2025-06-03 17:00:00,3345.51,3350.13,3333.2,3346.52,4814,6,0
1393,2025-06-03 18:00:00,3346.43,3351.54,3344.09,3350.2,4168,5,0
1394,2025-06-03 19:00:00,3350.3,3353.51,3344.72,3348.44,3808,5,0
1395,2025-06-03 20:00:00,3348.37,3354.59,3347.4,3353.17,3517,5,0
1396,2025-06-03 21:00:00,3353.2,3353.8,3350.47,3353.55,2886,6,0
1397,2025-06-03 22:00:00,3353.58,3355.48,3351.27,3352.59,2899,7,0
1398,2025-06-03 23:00:00,3352.69,3355.28,3352.52,3353.3,1580,16,0
1399,2025-06-04 01:00:00,3354.69,3358.54,3354.53,3357.17,1520,5,0
1400,2025-06-04 02:00:00,3357.17,3361.61,3355.36,3359.99,2226,5,0
1401,2025-06-04 03:00:00,3360.06,3360.08,3349.84,3350.26,4361,5,0
1402,2025-06-04 04:00:00,3350.27,3372.27,3346.56,3370.73,4997,5,0
1403,2025-06-04 05:00:00,3370.85,3372.62,3363.06,3365.58,4069,5,0
1404,2025-06-04 06:00:00,3365.53,3367.42,3358.33,3359.16,3910,12,0
1405,2025-06-04 07:00:00,3359.14,3361.38,3352.47,3354.8,4002,17,0
1406,2025-06-04 08:00:00,3354.81,3356.46,3348.03,3351.04,4440,5,0
1407,2025-06-04 09:00:00,3351.04,3358.41,3349.0,3355.69,4523,5,0
1408,2025-06-04 10:00:00,3355.8,3365.28,3353.68,3354.63,4423,5,0
1409,2025-06-04 11:00:00,3354.49,3364.24,3351.8,3362.76,4407,5,0
1410,2025-06-04 12:00:00,3362.82,3364.95,3359.37,3362.95,4024,5,0
1411,2025-06-04 13:00:00,3362.8,3363.88,3347.37,3350.97,4005,5,0
1412,2025-06-04 14:00:00,3350.91,3351.99,3343.8,3346.57,4125,5,0
1413,2025-06-04 15:00:00,3346.62,3360.86,3344.39,3358.83,5360,5,0
1414,2025-06-04 16:00:00,3358.92,3362.67,3350.85,3352.55,5208,8,0
1415,2025-06-04 17:00:00,3353.59,3384.65,3351.17,3377.47,5980,5,0
1416,2025-06-04 18:00:00,3377.3,3378.97,3369.73,3371.73,5102,12,0
1417,2025-06-04 19:00:00,3371.97,3376.28,3370.82,3375.06,3905,11,0
1418,2025-06-04 20:00:00,3374.98,3380.85,3372.96,3379.18,3500,7,0
1419,2025-06-04 21:00:00,3379.22,3382.15,3375.04,3376.21,3215,5,0
1420,2025-06-04 22:00:00,3376.18,3376.26,3371.91,3373.5,3374,11,0
1421,2025-06-04 23:00:00,3373.66,3375.12,3370.74,3372.6,1788,7,0
1422,2025-06-05 01:00:00,3373.4,3376.02,3372.39,3373.52,1432,7,0
1423,2025-06-05 02:00:00,3373.58,3378.99,3372.43,3378.13,2111,12,0
1424,2025-06-05 03:00:00,3378.36,3381.67,3372.61,3380.3,3633,16,0
1425,2025-06-05 04:00:00,3380.22,3384.1,3370.67,3373.76,4402,8,0
1426,2025-06-05 05:00:00,3373.6,3375.1,3368.31,3370.83,3506,12,0
1427,2025-06-05 06:00:00,3370.79,3377.42,3369.35,3369.75,3272,16,0
1428,2025-06-05 07:00:00,3369.74,3372.51,3364.17,3368.4,3476,11,0
1429,2025-06-05 08:00:00,3368.48,3369.6,3361.2,3364.28,3669,5,0
1430,2025-06-05 09:00:00,3364.3,3370.02,3363.81,3365.97,3877,11,0
1431,2025-06-05 10:00:00,3365.62,3374.47,3365.3,3371.23,3837,9,0
1432,2025-06-05 11:00:00,3371.22,3376.9,3369.76,3375.21,3682,7,0
1433,2025-06-05 12:00:00,3375.23,3391.23,3374.09,3389.7,4991,5,0
1434,2025-06-05 13:00:00,3389.42,3400.38,3388.23,3399.93,4534,5,0
1435,2025-06-05 14:00:00,3399.6,3403.33,3391.76,3392.24,4597,5,0
1436,2025-06-05 15:00:00,3392.49,3399.98,3377.72,3383.06,5021,5,0
1437,2025-06-05 16:00:00,3383.58,3388.27,3371.36,3378.06,5884,5,0
1438,2025-06-05 17:00:00,3378.49,3383.17,3363.9,3367.64,5714,5,0
1439,2025-06-05 18:00:00,3367.85,3372.93,3339.61,3344.81,5804,5,0
1440,2025-06-05 19:00:00,3344.71,3356.47,3339.95,3354.21,4946,5,0
1441,2025-06-05 20:00:00,3354.31,3354.78,3348.94,3353.95,4072,5,0
1442,2025-06-05 21:00:00,3353.97,3356.18,3350.51,3353.58,3771,10,0
1443,2025-06-05 22:00:00,3353.6,3361.38,3352.92,3357.32,4250,5,0
1444,2025-06-05 23:00:00,3356.64,3357.67,3352.02,3352.6,2033,5,0
1445,2025-06-06 01:00:00,3354.03,3363.54,3353.16,3359.06,2790,5,0
1446,2025-06-06 02:00:00,3359.05,3362.59,3357.23,3361.89,2165,16,0
1447,2025-06-06 03:00:00,3361.79,3364.02,3357.41,3359.38,3514,14,0
1448,2025-06-06 04:00:00,3358.99,3368.57,3356.22,3363.82,4629,12,0
1449,2025-06-06 05:00:00,3363.88,3366.48,3362.07,3363.95,3791,17,0
1450,2025-06-06 06:00:00,3363.93,3371.83,3359.47,3369.72,3640,16,0
1451,2025-06-06 07:00:00,3369.66,3374.46,3369.11,3373.71,3114,6,0
1452,2025-06-06 08:00:00,3373.65,3375.6,3362.23,3366.03,4075,15,0
1453,2025-06-06 09:00:00,3365.99,3366.95,3356.12,3360.76,4720,5,0
1454,2025-06-06 10:00:00,3360.74,3362.34,3352.84,3359.47,4347,5,0
1455,2025-06-06 11:00:00,3359.51,3367.68,3358.45,3365.31,4154,5,0
1456,2025-06-06 12:00:00,3365.42,3365.42,3352.85,3356.71,3962,5,0
1457,2025-06-06 13:00:00,3356.83,3360.83,3355.84,3360.58,3579,5,0
1458,2025-06-06 14:00:00,3360.7,3364.22,3358.18,3358.35,3979,7,0
1459,2025-06-06 15:00:00,3358.37,3364.17,3343.51,3353.48,5247,5,0
1460,2025-06-06 16:00:00,3353.39,3360.93,3342.53,3343.21,5956,5,0
1461,2025-06-06 17:00:00,3342.47,3344.85,3316.79,3326.15,6033,5,0
1462,2025-06-06 18:00:00,3325.88,3336.74,3323.45,3332.22,5135,5,0
1463,2025-06-06 19:00:00,3332.22,3332.69,3320.99,3322.76,4506,7,0
1464,2025-06-06 20:00:00,3322.77,3326.8,3321.42,3323.63,3794,15,0
1465,2025-06-06 21:00:00,3323.71,3323.96,3313.74,3317.49,3665,5,0
1466,2025-06-06 22:00:00,3317.48,3318.99,3311.35,3312.44,3820,5,0
1467,2025-06-06 23:00:00,3312.47,3312.84,3307.13,3312.12,2318,13,0
1468,2025-06-09 01:00:00,3314.04,3321.15,3309.35,3314.94,3124,6,0
1469,2025-06-09 02:00:00,3314.82,3318.57,3313.42,3318.03,2696,8,0
1470,2025-06-09 03:00:00,3318.12,3318.62,3298.4,3305.43,4518,5,0
1471,2025-06-09 04:00:00,3305.59,3309.31,3295.1,3295.86,4860,14,0
1472,2025-06-09 05:00:00,3295.87,3307.57,3293.61,3305.54,4412,6,0
1473,2025-06-09 06:00:00,3305.47,3312.0,3304.31,3310.8,3767,5,0
1474,2025-06-09 07:00:00,3310.91,3313.42,3309.29,3311.72,2824,16,0
1475,2025-06-09 08:00:00,3311.72,3316.5,3309.57,3314.69,3605,17,0
1476,2025-06-09 09:00:00,3314.83,3324.86,3312.47,3324.38,4286,5,0
1477,2025-06-09 10:00:00,3324.19,3328.43,3321.57,3324.24,4331,6,0
1478,2025-06-09 11:00:00,3324.41,3325.63,3319.81,3319.81,4134,11,0
1479,2025-06-09 12:00:00,3319.9,3323.45,3316.85,3318.63,3925,7,0
1480,2025-06-09 13:00:00,3318.67,3319.72,3312.12,3314.51,3507,17,0
1481,2025-06-09 14:00:00,3314.65,3321.29,3313.74,3317.4,3984,5,0
1482,2025-06-09 15:00:00,3317.45,3322.42,3313.07,3320.02,4313,5,0
1483,2025-06-09 16:00:00,3320.16,3321.65,3310.73,3319.38,5392,8,0
1484,2025-06-09 17:00:00,3319.27,3326.78,3316.12,3320.81,5338,5,0
1485,2025-06-09 18:00:00,3320.95,3332.05,3320.39,3328.63,4384,5,0
1486,2025-06-09 19:00:00,3328.6,3337.8,3327.51,3337.62,4114,5,0
1487,2025-06-09 20:00:00,3338.02,3338.16,3332.94,3333.57,3496,17,0
1488,2025-06-09 21:00:00,3333.58,3337.12,3332.77,3333.17,3057,5,0
1489,2025-06-09 22:00:00,3333.15,3335.44,3325.94,3327.22,3372,7,0
1490,2025-06-09 23:00:00,3327.13,3329.48,3324.82,3325.39,1856,17,0
1491,2025-06-10 01:00:00,3325.86,3327.44,3321.55,3323.57,2096,8,0
1492,2025-06-10 02:00:00,3323.65,3327.87,3323.65,3326.77,1850,17,0
1493,2025-06-10 03:00:00,3326.76,3326.76,3314.59,3316.59,4186,5,0
1494,2025-06-10 04:00:00,3316.6,3319.9,3302.99,3306.29,5158,5,0
1495,2025-06-10 05:00:00,3306.16,3310.36,3301.94,3309.31,4300,14,0
1496,2025-06-10 06:00:00,3309.3,3310.41,3305.12,3307.53,3489,16,0
1497,2025-06-10 07:00:00,3307.6,3308.69,3302.85,3307.25,2830,9,0
1498,2025-06-10 08:00:00,3307.29,3319.15,3306.74,3317.61,4504,9,0
1499,2025-06-10 09:00:00,3318.01,3331.29,3315.57,3325.62,4970,12,0
1500,2025-06-10 10:00:00,3325.42,3332.15,3324.04,3330.07,4675,6,0
1501,2025-06-10 11:00:00,3330.13,3334.84,3326.18,3329.33,4235,5,0
1502,2025-06-10 12:00:00,3329.34,3331.75,3327.18,3329.72,3551,16,0
1503,2025-06-10 13:00:00,3329.73,3336.26,3328.42,3335.35,3736,5,0
1504,2025-06-10 14:00:00,3335.4,3342.47,3332.31,3333.67,4237,5,0
1505,2025-06-10 15:00:00,3333.68,3340.24,3328.23,3337.22,4755,6,0
1506,2025-06-10 16:00:00,3337.04,3349.08,3335.54,3343.56,5507,5,0
1507,2025-06-10 17:00:00,3343.68,3343.68,3325.47,3328.28,5520,5,0
1508,2025-06-10 18:00:00,3328.16,3329.27,3323.31,3326.7,4987,10,0
1509,2025-06-10 19:00:00,3326.57,3327.73,3320.03,3321.34,4224,5,0
1510,2025-06-10 20:00:00,3321.53,3325.79,3320.38,3324.68,3606,5,0
1511,2025-06-10 21:00:00,3324.69,3325.33,3319.51,3321.61,3361,17,0
1512,2025-06-10 22:00:00,3321.61,3334.5,3321.45,3328.55,3875,7,0
1513,2025-06-10 23:00:00,3328.8,3328.87,3322.4,3322.4,2421,17,0
1514,2025-06-11 01:00:00,3322.21,3327.41,3320.79,3324.47,2190,7,0
1515,2025-06-11 02:00:00,3324.48,3328.08,3315.53,3327.95,3233,5,0
1516,2025-06-11 03:00:00,3328.01,3335.2,3325.09,3332.5,4070,15,0
1517,2025-06-11 04:00:00,3332.36,3337.4,3327.58,3328.68,4347,5,0
1518,2025-06-11 05:00:00,3328.47,3339.48,3327.22,3338.24,3795,16,0
1519,2025-06-11 06:00:00,3338.27,3341.57,3336.49,3339.44,3059,10,0
1520,2025-06-11 07:00:00,3339.38,3342.92,3336.88,3341.85,3000,13,0
1521,2025-06-11 08:00:00,3341.81,3343.13,3335.59,3339.68,3659,8,0
1522,2025-06-11 09:00:00,3339.69,3340.13,3332.52,3337.14,4382,8,0
1523,2025-06-11 10:00:00,3337.25,3348.54,3335.23,3345.72,4253,5,0
1524,2025-06-11 11:00:00,3345.33,3346.69,3342.53,3344.57,3651,16,0
1525,2025-06-11 12:00:00,3344.31,3344.63,3331.38,3333.72,4472,11,0
1526,2025-06-11 13:00:00,3333.88,3336.76,3328.5,3329.83,3869,6,0
1527,2025-06-11 14:00:00,3329.88,3335.21,3326.22,3333.16,3958,5,0
1528,2025-06-11 15:00:00,3333.24,3360.68,3327.25,3336.72,5952,5,0
1529,2025-06-11 16:00:00,3336.91,3344.42,3327.73,3329.93,6042,10,0
1530,2025-06-11 17:00:00,3329.24,3341.25,3328.65,3337.55,5389,5,0
1531,2025-06-11 18:00:00,3337.56,3342.75,3329.61,3333.17,4773,11,0
1532,2025-06-11 19:00:00,3333.22,3334.4,3328.16,3330.25,4137,15,0
1533,2025-06-11 20:00:00,3330.25,3331.32,3319.29,3324.28,4466,12,0
1534,2025-06-11 21:00:00,3324.43,3347.3,3323.83,3343.85,5015,5,0
1535,2025-06-11 22:00:00,3343.88,3349.28,3342.35,3346.81,4221,5,0
1536,2025-06-11 23:00:00,3347.13,3355.41,3346.62,3354.82,2434,5,0
1537,2025-06-12 01:00:00,3356.57,3369.71,3356.36,3368.97,3166,5,0
1538,2025-06-12 02:00:00,3368.9,3373.29,3357.67,3365.43,3912,11,0
1539,2025-06-12 03:00:00,3365.4,3371.31,3362.2,3365.75,4678,5,0
1540,2025-06-12 04:00:00,3365.78,3376.79,3362.5,3371.0,5109,5,0
1541,2025-06-12 05:00:00,3371.01,3377.73,3368.94,3374.83,4378,6,0
1542,2025-06-12 06:00:00,3374.6,3376.59,3371.65,3373.37,3676,16,0
1543,2025-06-12 07:00:00,3373.48,3373.71,3369.48,3370.45,2922,17,0
1544,2025-06-12 08:00:00,3370.33,3375.77,3367.79,3374.18,3577,5,0
1545,2025-06-12 09:00:00,3374.32,3375.57,3365.25,3374.98,4594,8,0
1546,2025-06-12 10:00:00,3374.62,3375.2,3338.67,3346.13,5142,5,0
1547,2025-06-12 11:00:00,3346.62,3361.15,3346.62,3356.76,4996,5,0
1548,2025-06-12 12:00:00,3356.53,3367.98,3355.48,3365.42,4160,7,0
1549,2025-06-12 13:00:00,3365.42,3385.9,3362.48,3382.58,4702,5,0
1550,2025-06-12 14:00:00,3382.56,3388.57,3373.14,3379.27,4788,6,0
1551,2025-06-12 15:00:00,3379.29,3390.28,3376.42,3388.07,5173,5,0
1552,2025-06-12 16:00:00,3388.16,3398.77,3379.5,3392.15,5977,5,0
1553,2025-06-12 17:00:00,3391.92,3393.1,3383.12,3383.81,5625,10,0
1554,2025-06-12 18:00:00,3383.86,3390.22,3377.89,3385.85,5300,5,0
1555,2025-06-12 19:00:00,3386.02,3391.31,3380.9,3383.84,4482,6,0
1556,2025-06-12 20:00:00,3383.71,3384.95,3378.17,3382.6,4099,5,0
1557,2025-06-12 21:00:00,3382.7,3386.3,3381.8,3385.83,3489,5,0
1558,2025-06-12 22:00:00,3385.67,3389.24,3384.77,3388.17,3517,5,0
1559,2025-06-12 23:00:00,3388.33,3389.03,3384.85,3386.66,1953,13,0
1560,2025-06-13 01:00:00,3386.01,3386.5,3379.81,3383.43,2180,8,0
1561,2025-06-13 02:00:00,3383.43,3396.22,3382.53,3395.94,2513,6,0
1562,2025-06-13 03:00:00,3395.8,3419.92,3391.78,3416.34,5338,5,0
1563,2025-06-13 04:00:00,3415.76,3433.33,3413.94,3427.58,4928,5,0
1564,2025-06-13 05:00:00,3427.24,3444.15,3424.89,3441.31,4637,5,0
1565,2025-06-13 06:00:00,3441.34,3444.4,3423.79,3425.56,4419,5,0
1566,2025-06-13 07:00:00,3425.48,3430.3,3422.72,3425.32,3495,10,0
1567,2025-06-13 08:00:00,3425.32,3428.79,3418.0,3426.08,3876,8,0
1568,2025-06-13 09:00:00,3425.92,3428.49,3408.48,3416.47,4518,5,0
1569,2025-06-13 10:00:00,3416.31,3418.99,3407.91,3414.9,4228,10,0
1570,2025-06-13 11:00:00,3414.92,3426.06,3414.34,3424.3,3833,5,0
1571,2025-06-13 12:00:00,3424.43,3427.32,3420.05,3424.29,3958,5,0
1572,2025-06-13 13:00:00,3424.32,3427.67,3411.64,3415.77,4190,5,0
1573,2025-06-13 14:00:00,3415.81,3422.94,3412.52,3422.19,3978,5,0
1574,2025-06-13 15:00:00,3422.24,3438.15,3421.79,3436.78,4157,7,0
1575,2025-06-13 16:00:00,3436.24,3446.8,3434.06,3436.99,4890,5,0
1576,2025-06-13 17:00:00,3436.86,3439.84,3423.98,3427.81,5011,5,0
1577,2025-06-13 18:00:00,3427.89,3430.27,3421.0,3426.22,4509,5,0
1578,2025-06-13 19:00:00,3426.26,3431.06,3419.3,3429.96,3997,5,0
1579,2025-06-13 20:00:00,3429.98,3433.47,3427.42,3430.35,3779,5,0
1580,2025-06-13 21:00:00,3430.35,3439.45,3428.76,3436.56,3960,5,0
1581,2025-06-13 22:00:00,3436.53,3438.22,3431.83,3432.31,3836,11,0
1582,2025-06-13 23:00:00,3432.29,3434.77,3429.24,3434.15,2617,5,0
1583,2025-06-16 01:00:00,3434.04,3451.22,3434.04,3448.39,4289,4,0
1584,2025-06-16 02:00:00,3448.41,3450.12,3439.57,3444.11,3196,12,0
1585,2025-06-16 03:00:00,3444.59,3451.23,3434.38,3436.66,4093,12,0
1586,2025-06-16 04:00:00,3436.28,3443.06,3433.24,3441.42,4125,15,0
1587,2025-06-16 05:00:00,3441.48,3446.32,3437.89,3438.4,3656,15,0
1588,2025-06-16 06:00:00,3438.33,3439.62,3429.36,3431.52,3451,16,0
1589,2025-06-16 07:00:00,3431.5,3433.27,3426.88,3427.54,2747,14,0
1590,2025-06-16 08:00:00,3427.54,3430.38,3417.87,3421.62,3827,16,0
1591,2025-06-16 09:00:00,3421.54,3421.54,3412.99,3418.31,4347,5,0
1592,2025-06-16 10:00:00,3417.86,3419.74,3409.52,3412.57,4168,5,0
1593,2025-06-16 11:00:00,3412.56,3418.46,3409.86,3413.85,3858,15,0
1594,2025-06-16 12:00:00,3413.63,3419.52,3411.95,3412.01,3621,5,0
1595,2025-06-16 13:00:00,3412.29,3421.28,3410.64,3421.12,3496,5,0
1596,2025-06-16 14:00:00,3421.07,3422.56,3410.78,3414.99,3742,5,0
1597,2025-06-16 15:00:00,3415.06,3417.75,3411.07,3415.61,4013,16,0
1598,2025-06-16 16:00:00,3415.67,3417.99,3382.76,3388.21,4916,5,0
1599,2025-06-16 17:00:00,3387.54,3399.38,3387.54,3396.93,4916,5,0
1600,2025-06-16 18:00:00,3396.95,3405.47,3396.95,3404.52,4181,5,0
1601,2025-06-16 19:00:00,3404.42,3404.92,3397.41,3399.41,3435,6,0
1602,2025-06-16 20:00:00,3399.36,3400.25,3391.23,3392.61,3357,5,0
1603,2025-06-16 21:00:00,3392.65,3393.95,3384.05,3385.28,3156,10,0
1604,2025-06-16 22:00:00,3385.41,3388.43,3382.84,3384.09,3622,16,0
1605,2025-06-16 23:00:00,3384.07,3386.04,3383.4,3385.14,1833,13,0
1606,2025-06-17 01:00:00,3386.26,3398.49,3385.86,3395.61,2913,7,0
1607,2025-06-17 02:00:00,3395.5,3402.95,3393.19,3402.88,3390,9,0
1608,2025-06-17 03:00:00,3402.89,3403.24,3391.7,3394.36,4159,10,0
1609,2025-06-17 04:00:00,3394.24,3402.46,3393.4,3393.71,4220,8,0
1610,2025-06-17 05:00:00,3393.75,3400.41,3388.71,3390.0,3959,6,0
1611,2025-06-17 06:00:00,3389.82,3392.57,3373.18,3387.9,4551,5,0
1612,2025-06-17 07:00:00,3387.67,3396.26,3387.08,3394.06,3174,5,0
1613,2025-06-17 08:00:00,3394.05,3395.43,3390.76,3392.6,3561,5,0
1614,2025-06-17 09:00:00,3392.58,3392.58,3381.18,3385.57,4436,6,0
1615,2025-06-17 10:00:00,3385.38,3391.69,3383.17,3387.79,4139,9,0
1616,2025-06-17 11:00:00,3387.44,3388.58,3377.84,3378.91,3894,9,0
1617,2025-06-17 12:00:00,3378.69,3385.91,3375.76,3385.58,4452,5,0
1618,2025-06-17 13:00:00,3385.57,3398.74,3385.32,3398.11,4231,6,0
1619,2025-06-17 14:00:00,3398.12,3400.08,3388.32,3388.6,4211,11,0
1620,2025-06-17 15:00:00,3388.72,3391.49,3383.54,3386.7,4895,11,0
1621,2025-06-17 16:00:00,3386.76,3397.45,3385.9,3390.52,5368,5,0
1622,2025-06-17 17:00:00,3390.19,3391.96,3366.15,3385.06,5688,9,0
1623,2025-06-17 18:00:00,3385.05,3388.29,3372.51,3379.29,4766,5,0
1624,2025-06-17 19:00:00,3379.44,3385.88,3376.63,3382.9,4260,9,0
1625,2025-06-17 20:00:00,3382.96,3391.26,3381.46,3390.27,4264,8,0
1626,2025-06-17 21:00:00,3390.31,3392.3,3382.4,3382.77,3772,5,0
1627,2025-06-17 22:00:00,3382.99,3386.38,3382.35,3385.84,3486,5,0
1628,2025-06-17 23:00:00,3385.56,3390.32,3383.66,3388.47,2148,9,0
1629,2025-06-18 01:00:00,3390.46,3396.07,3388.87,3388.87,2254,6,0
1630,2025-06-18 02:00:00,3389.18,3390.36,3385.03,3387.35,2101,11,0
1631,2025-06-18 03:00:00,3387.29,3388.88,3383.0,3385.74,3355,13,0
1632,2025-06-18 04:00:00,3385.76,3388.68,3378.7,3379.02,3897,12,0
1633,2025-06-18 05:00:00,3378.91,3379.69,3370.62,3379.47,3862,17,0
1634,2025-06-18 06:00:00,3379.4,3391.47,3379.3,3391.11,3461,17,0
1635,2025-06-18 07:00:00,3391.01,3400.01,3389.48,3395.12,3140,8,0
1636,2025-06-18 08:00:00,3395.28,3395.65,3384.25,3386.47,3712,5,0
1637,2025-06-18 09:00:00,3386.18,3386.76,3379.51,3382.3,4048,5,0
1638,2025-06-18 10:00:00,3382.28,3386.11,3377.1,3385.92,3907,5,0
1639,2025-06-18 11:00:00,3385.82,3388.35,3382.63,3383.55,3435,5,0
1640,2025-06-18 12:00:00,3383.53,3385.54,3375.53,3378.17,3413,5,0
1641,2025-06-18 13:00:00,3378.23,3382.44,3375.71,3380.21,3733,5,0
1642,2025-06-18 14:00:00,3380.23,3386.99,3379.01,3382.04,3938,11,0
1643,2025-06-18 15:00:00,3381.97,3389.84,3381.69,3386.63,4100,11,0
1644,2025-06-18 16:00:00,3386.58,3396.77,3385.73,3392.27,4641,5,0
1645,2025-06-18 17:00:00,3392.12,3392.39,3373.87,3386.86,5312,5,0
1646,2025-06-18 18:00:00,3387.55,3392.82,3381.33,3392.68,4117,6,0
1647,2025-06-18 19:00:00,3392.69,3394.66,3389.97,3391.0,3543,16,0
1648,2025-06-18 20:00:00,3390.94,3391.16,3384.51,3385.17,3412,7,0
1649,2025-06-18 21:00:00,3385.36,3395.73,3378.43,3379.26,5166,12,0
1650,2025-06-18 22:00:00,3379.08,3379.08,3362.98,3366.73,5095,5,0
1651,2025-06-18 23:00:00,3366.57,3369.41,3362.56,3369.15,2871,17,0
1652,2025-06-19 01:00:00,3369.58,3379.7,3367.76,3375.18,2356,5,0
1653,2025-06-19 02:00:00,3375.23,3376.97,3370.76,3375.07,2432,14,0
1654,2025-06-19 03:00:00,3375.08,3383.28,3374.81,3379.45,3151,5,0
1655,2025-06-19 04:00:00,3379.5,3387.93,3374.61,3374.87,3729,8,0
1656,2025-06-19 05:00:00,3374.85,3379.43,3374.03,3376.72,2935,5,0
1657,2025-06-19 06:00:00,3376.73,3377.29,3369.73,3373.64,2863,17,0
1658,2025-06-19 07:00:00,3373.61,3375.15,3372.18,3374.51,2085,6,0
1659,2025-06-19 08:00:00,3374.47,3375.28,3360.19,3364.55,3143,6,0
1660,2025-06-19 09:00:00,3364.58,3364.77,3347.65,3357.34,4740,5,0
1661,2025-06-19 10:00:00,3356.93,3369.05,3350.7,3365.66,4096,5,0
1662,2025-06-19 11:00:00,3365.79,3371.59,3362.3,3368.68,3864,10,0
1663,2025-06-19 12:00:00,3368.58,3373.54,3363.72,3370.53,3605,5,0
1664,2025-06-19 13:00:00,3370.32,3379.0,3369.1,3374.97,3442,5,0
1665,2025-06-19 14:00:00,3374.94,3375.43,3370.44,3372.02,3251,16,0
1666,2025-06-19 15:00:00,3372.0,3372.58,3363.82,3367.97,3715,5,0
1667,2025-06-19 16:00:00,3367.55,3372.84,3361.57,3369.53,3871,15,0
1668,2025-06-19 17:00:00,3369.53,3370.9,3361.61,3364.66,3744,16,0
1669,2025-06-19 18:00:00,3364.61,3371.92,3362.33,3369.1,3302,5,0
1670,2025-06-19 19:00:00,3369.16,3371.63,3366.15,3371.08,2498,5,0
1671,2025-06-19 20:00:00,3371.04,3375.45,3365.95,3368.28,2391,8,0
1672,2025-06-19 21:00:00,3368.27,3371.4,3366.61,3370.63,1079,5,0
1673,2025-06-20 01:00:00,3370.12,3370.25,3362.07,3365.67,2186,5,0
1674,2025-06-20 02:00:00,3365.78,3370.4,3363.7,3368.72,2390,10,0
1675,2025-06-20 03:00:00,3368.47,3370.35,3364.68,3368.14,2936,16,0
1676,2025-06-20 04:00:00,3368.12,3368.3,3356.16,3356.48,3665,5,0
1677,2025-06-20 05:00:00,3356.47,3360.57,3351.82,3352.46,3544,16,0
1678,2025-06-20 06:00:00,3352.48,3356.26,3344.88,3355.52,3676,16,0
1679,2025-06-20 07:00:00,3355.54,3357.65,3352.6,3354.3,2569,17,0
1680,2025-06-20 08:00:00,3354.32,3354.96,3342.77,3344.72,3313,5,0
1681,2025-06-20 09:00:00,3344.43,3348.64,3340.37,3345.28,3782,16,0
1682,2025-06-20 10:00:00,3345.27,3355.29,3343.4,3347.66,3581,7,0
1683,2025-06-20 11:00:00,3347.65,3352.47,3346.75,3351.0,3205,8,0
1684,2025-06-20 12:00:00,3350.86,3359.2,3349.31,3355.25,3304,12,0
1685,2025-06-20 13:00:00,3355.37,3357.85,3354.95,3355.4,2742,5,0
1686,2025-06-20 14:00:00,3355.41,3355.97,3346.74,3347.05,3324,5,0
1687,2025-06-20 15:00:00,3347.28,3350.73,3341.97,3344.48,3950,5,0
1688,2025-06-20 16:00:00,3344.62,3373.8,3343.05,3370.37,4567,6,0
1689,2025-06-20 17:00:00,3370.33,3374.51,3365.26,3369.25,4487,5,0
1690,2025-06-20 18:00:00,3369.34,3371.7,3365.82,3369.84,3529,5,0
1691,2025-06-20 19:00:00,3369.83,3373.37,3367.82,3371.48,3006,16,0
1692,2025-06-20 20:00:00,3371.49,3371.74,3366.61,3367.36,2780,18,0
1693,2025-06-20 21:00:00,3367.37,3367.93,3364.62,3366.67,2530,16,0
1694,2025-06-20 22:00:00,3366.71,3370.66,3364.87,3365.53,2569,16,0
1695,2025-06-20 23:00:00,3365.54,3369.32,3364.73,3368.64,1715,16,0
1696,2025-06-23 01:00:00,3392.44,3396.7,3372.57,3379.09,4577,5,0
1697,2025-06-23 02:00:00,3379.07,3380.47,3371.26,3372.76,3210,9,0
1698,2025-06-23 03:00:00,3373.06,3373.58,3358.24,3365.72,4055,5,0
1699,2025-06-23 04:00:00,3366.01,3368.06,3352.05,3355.2,4433,15,0
1700,2025-06-23 05:00:00,3355.26,3364.87,3354.94,3361.29,3431,5,0
1701,2025-06-23 06:00:00,3361.46,3366.3,3360.4,3363.34,3291,14,0
1702,2025-06-23 07:00:00,3363.36,3364.92,3356.89,3358.49,2358,5,0
1703,2025-06-23 08:00:00,3358.48,3360.61,3347.12,3356.77,3590,8,0
1704,2025-06-23 09:00:00,3356.9,3359.84,3352.71,3357.7,3814,5,0
1705,2025-06-23 10:00:00,3357.59,3358.77,3351.65,3357.59,3527,13,0
1706,2025-06-23 11:00:00,3357.66,3362.25,3357.66,3361.83,3397,16,0
1707,2025-06-23 12:00:00,3361.85,3368.99,3361.65,3366.59,3665,5,0
1708,2025-06-23 13:00:00,3366.58,3368.17,3363.98,3367.75,3005,5,0
1709,2025-06-23 14:00:00,3368.0,3381.99,3368.0,3380.69,3925,5,0
1710,2025-06-23 15:00:00,3380.73,3380.98,3355.88,3360.44,4260,7,0
1711,2025-06-23 16:00:00,3360.18,3387.69,3359.85,3380.82,4781,8,0
1712,2025-06-23 17:00:00,3380.9,3386.67,3370.08,3386.44,4992,7,0
1713,2025-06-23 18:00:00,3386.5,3389.72,3384.57,3387.04,4034,16,0
1714,2025-06-23 19:00:00,3387.27,3393.53,3380.64,3389.82,4268,6,0
1715,2025-06-23 20:00:00,3389.71,3391.39,3375.55,3382.34,4289,5,0
1716,2025-06-23 21:00:00,3382.44,3387.72,3376.94,3378.52,3562,12,0
1717,2025-06-23 22:00:00,3378.64,3382.04,3375.65,3376.36,3247,16,0
1718,2025-06-23 23:00:00,3376.21,3377.26,3367.3,3369.04,2177,5,0
1719,2025-06-24 01:00:00,3368.43,3369.94,3350.44,3355.47,3757,5,0
1720,2025-06-24 02:00:00,3355.53,3357.34,3341.56,3344.41,3814,12,0
1721,2025-06-24 03:00:00,3344.32,3355.18,3333.3,3351.08,4377,6,0
1722,2025-06-24 04:00:00,3351.12,3354.31,3342.26,3347.74,4288,7,0
1723,2025-06-24 05:00:00,3347.7,3352.85,3345.87,3351.89,3594,5,0
1724,2025-06-24 06:00:00,3352.08,3357.92,3351.59,3352.44,3095,15,0
1725,2025-06-24 07:00:00,3352.4,3353.3,3347.08,3348.55,2631,7,0
1726,2025-06-24 08:00:00,3348.52,3348.72,3326.69,3332.08,4112,5,0
1727,2025-06-24 09:00:00,3332.21,3333.07,3316.06,3322.75,4923,11,0
1728,2025-06-24 10:00:00,3322.73,3331.7,3316.61,3329.69,4553,7,0
1729,2025-06-24 11:00:00,3329.88,3332.33,3324.73,3327.27,3886,11,0
1730,2025-06-24 12:00:00,3327.24,3328.66,3317.88,3318.41,3740,5,0
1731,2025-06-24 13:00:00,3319.33,3327.62,3318.57,3325.56,3139,15,0
1732,2025-06-24 14:00:00,3325.51,3328.87,3317.91,3321.19,3709,6,0
1733,2025-06-24 15:00:00,3320.83,3320.99,3304.62,3314.77,4859,5,0
1734,2025-06-24 16:00:00,3314.67,3317.88,3295.5,3302.04,5486,5,0
1735,2025-06-24 17:00:00,3301.86,3310.27,3298.46,3304.61,5208,5,0
1736,2025-06-24 18:00:00,3304.6,3317.06,3299.77,3313.19,4543,9,0
1737,2025-06-24 19:00:00,3313.26,3320.45,3311.34,3318.43,3531,12,0
1738,2025-06-24 20:00:00,3318.5,3321.22,3317.88,3317.95,3270,17,0
1739,2025-06-24 21:00:00,3317.96,3318.99,3315.72,3317.15,2938,17,0
1740,2025-06-24 22:00:00,3317.11,3325.17,3316.0,3323.57,3205,5,0
1741,2025-06-24 23:00:00,3323.88,3324.48,3321.69,3322.81,1572,7,0
1742,2025-06-25 01:00:00,3324.71,3325.0,3320.95,3321.63,1488,5,0
1743,2025-06-25 02:00:00,3321.64,3324.87,3321.64,3324.19,1398,17,0
1744,2025-06-25 03:00:00,3324.08,3329.98,3323.64,3326.94,2845,6,0
1745,2025-06-25 04:00:00,3327.05,3334.82,3326.44,3334.63,3436,5,0
1746,2025-06-25 05:00:00,3334.57,3335.18,3327.86,3329.52,3028,16,0
1747,2025-06-25 06:00:00,3329.43,3332.0,3327.34,3328.33,2553,17,0
1748,2025-06-25 07:00:00,3328.31,3329.23,3325.81,3327.5,1921,17,0
1749,2025-06-25 08:00:00,3327.44,3333.68,3326.71,3331.64,2599,6,0
1750,2025-06-25 09:00:00,3331.65,3333.41,3329.12,3331.45,2924,5,0
1751,2025-06-25 10:00:00,3331.83,3337.07,3326.74,3330.6,3467,13,0
1752,2025-06-25 11:00:00,3330.59,3332.32,3326.48,3327.16,3145,15,0
1753,2025-06-25 12:00:00,3327.17,3327.26,3321.61,3325.25,3120,5,0
1754,2025-06-25 13:00:00,3325.26,3329.43,3324.28,3324.5,3004,11,0
1755,2025-06-25 14:00:00,3324.42,3329.5,3322.22,3322.77,3263,16,0
1756,2025-06-25 15:00:00,3322.68,3329.41,3318.2,3320.63,3485,7,0
1757,2025-06-25 16:00:00,3320.67,3321.57,3311.98,3314.51,4311,5,0
1758,2025-06-25 17:00:00,3314.45,3326.24,3312.41,3323.47,4353,10,0
1759,2025-06-25 18:00:00,3323.46,3327.1,3321.67,3325.63,3546,16,0
1760,2025-06-25 19:00:00,3325.65,3335.1,3324.19,3334.8,3528,5,0
1761,2025-06-25 20:00:00,3334.79,3335.33,3325.03,3328.01,3571,12,0
1762,2025-06-25 21:00:00,3328.04,3331.78,3326.22,3331.62,3023,5,0
1763,2025-06-25 22:00:00,3331.6,3336.01,3330.41,3333.72,3158,5,0
1764,2025-06-25 23:00:00,3333.88,3335.6,3331.4,3332.15,1875,7,0
1765,2025-06-26 01:00:00,3333.62,3335.46,3331.31,3333.19,1904,5,0
1766,2025-06-26 02:00:00,3333.23,3340.09,3332.88,3339.03,2424,6,0
1767,2025-06-26 03:00:00,3339.17,3339.27,3332.17,3333.98,2840,16,0
1768,2025-06-26 04:00:00,3334.03,3336.75,3329.45,3330.15,3619,11,0
1769,2025-06-26 05:00:00,3330.1,3341.72,3329.28,3339.47,3187,11,0
1770,2025-06-26 06:00:00,3339.64,3343.14,3336.44,3338.03,2808,10,0
1771,2025-06-26 07:00:00,3338.02,3338.13,3333.43,3333.97,2372,13,0
1772,2025-06-26 08:00:00,3333.91,3338.23,3332.43,3334.16,2879,16,0
1773,2025-06-26 09:00:00,3333.92,3340.36,3331.08,3339.72,3467,16,0
1774,2025-06-26 10:00:00,3340.08,3347.2,3339.88,3346.06,3457,9,0
1775,2025-06-26 11:00:00,3346.08,3350.28,3344.51,3348.22,3464,5,0
1776,2025-06-26 12:00:00,3348.18,3348.75,3338.74,3340.53,3612,11,0
1777,2025-06-26 13:00:00,3340.61,3343.38,3337.92,3343.23,2837,14,0
1778,2025-06-26 14:00:00,3343.17,3344.03,3331.56,3332.91,3387,6,0
1779,2025-06-26 15:00:00,3333.11,3344.09,3321.73,3322.03,4235,5,0
1780,2025-06-26 16:00:00,3322.19,3328.7,3309.99,3319.88,5050,5,0
1781,2025-06-26 17:00:00,3319.75,3323.84,3311.97,3318.37,4892,5,0
1782,2025-06-26 18:00:00,3318.48,3324.94,3318.48,3324.86,3724,8,0
1783,2025-06-26 19:00:00,3324.96,3333.27,3323.84,3331.33,3589,5,0
1784,2025-06-26 20:00:00,3331.34,3336.39,3331.18,3332.8,3340,12,0
1785,2025-06-26 21:00:00,3332.71,3334.85,3331.29,3334.06,2901,8,0
1786,2025-06-26 22:00:00,3334.1,3334.3,3328.34,3331.21,2947,16,0
1787,2025-06-26 23:00:00,3331.33,3332.31,3327.67,3327.76,1550,17,0
1788,2025-06-27 01:00:00,3327.61,3327.96,3318.8,3321.51,2045,9,0
1789,2025-06-27 02:00:00,3321.44,3323.67,3316.29,3318.77,2147,10,0
1790,2025-06-27 03:00:00,3318.72,3319.93,3313.25,3318.61,3243,5,0
1791,2025-06-27 04:00:00,3318.82,3321.96,3314.85,3316.46,3864,7,0
1792,2025-06-27 05:00:00,3316.45,3320.21,3308.57,3308.84,3641,10,0
1793,2025-06-27 06:00:00,3308.82,3310.87,3292.65,3294.34,4063,5,0
1794,2025-06-27 07:00:00,3294.33,3297.37,3291.16,3293.97,3285,5,0
1795,2025-06-27 08:00:00,3293.95,3300.92,3289.31,3297.17,3770,5,0
1796,2025-06-27 09:00:00,3297.08,3299.91,3286.86,3294.93,4215,9,0
1797,2025-06-27 10:00:00,3295.33,3295.33,3283.76,3284.51,3958,5,0
1798,2025-06-27 11:00:00,3285.13,3291.03,3281.92,3289.51,3909,5,0
1799,2025-06-27 12:00:00,3289.34,3289.8,3282.12,3282.77,3775,5,0
1800,2025-06-27 13:00:00,3282.77,3290.91,3279.78,3285.55,3700,5,0
1801,2025-06-27 14:00:00,3285.81,3287.92,3276.13,3281.34,3718,5,0
1802,2025-06-27 15:00:00,3281.29,3282.28,3269.58,3270.02,4884,5,0
1803,2025-06-27 16:00:00,3269.98,3274.44,3255.89,3274.25,5230,5,0
1804,2025-06-27 17:00:00,3273.61,3277.91,3263.62,3272.4,4960,6,0
1805,2025-06-27 18:00:00,3272.48,3277.45,3270.95,3274.56,4006,8,0
1806,2025-06-27 19:00:00,3274.57,3278.51,3273.39,3277.67,3363,5,0
1807,2025-06-27 20:00:00,3277.69,3282.76,3272.77,3277.3,3657,16,0
1808,2025-06-27 21:00:00,3277.34,3278.32,3270.56,3275.77,3669,5,0
1809,2025-06-27 22:00:00,3275.85,3276.47,3268.4,3270.6,3343,16,0
1810,2025-06-27 23:00:00,3270.67,3275.66,3270.42,3274.96,1826,16,0
1811,2025-06-30 01:00:00,3275.5,3281.68,3248.48,3263.75,3969,5,0
1812,2025-06-30 02:00:00,3263.77,3270.87,3262.87,3263.9,3078,12,0
1813,2025-06-30 03:00:00,3263.59,3269.75,3262.68,3264.59,3200,8,0
1814,2025-06-30 04:00:00,3264.73,3275.95,3259.54,3273.9,4067,5,0
1815,2025-06-30 05:00:00,3274.01,3283.26,3273.82,3280.24,3468,5,0
1816,2025-06-30 06:00:00,3280.02,3282.69,3277.97,3278.97,2856,16,0
1817,2025-06-30 07:00:00,3279.06,3286.29,3276.95,3285.82,2492,13,0
1818,2025-06-30 08:00:00,3285.59,3291.32,3284.72,3288.92,3152,15,0
1819,2025-06-30 09:00:00,3289.22,3295.51,3287.89,3291.94,3535,12,0
1820,2025-06-30 10:00:00,3292.04,3296.79,3290.74,3292.89,3383,16,0
1821,2025-06-30 11:00:00,3292.84,3296.51,3288.26,3289.14,3279,10,0
1822,2025-06-30 12:00:00,3289.03,3289.03,3277.43,3287.85,3587,5,0
1823,2025-06-30 13:00:00,3287.87,3288.77,3282.46,3283.5,2833,16,0
1824,2025-06-30 14:00:00,3283.33,3283.72,3274.64,3277.88,3297,6,0
1825,2025-06-30 15:00:00,3278.13,3288.9,3278.13,3281.95,3633,5,0
1826,2025-06-30 16:00:00,3281.95,3287.06,3278.01,3284.8,4205,5,0
1827,2025-06-30 17:00:00,3285.14,3289.55,3279.32,3287.65,4130,10,0
1828,2025-06-30 18:00:00,3287.62,3290.71,3283.71,3289.56,3773,8,0
1829,2025-06-30 19:00:00,3289.76,3297.45,3289.1,3297.31,3323,16,0
1830,2025-06-30 20:00:00,3298.14,3298.52,3292.02,3294.05,3018,6,0
1831,2025-06-30 21:00:00,3294.07,3299.55,3292.6,3298.5,2865,5,0
1832,2025-06-30 22:00:00,3298.46,3309.41,3298.07,3308.57,3407,5,0
1833,2025-06-30 23:00:00,3308.56,3309.27,3302.33,3302.92,1917,17,0
1834,2025-07-01 01:00:00,3303.4,3314.39,3302.38,3311.45,2528,5,0
1835,2025-07-01 02:00:00,3311.44,3312.52,3308.61,3312.47,2463,16,0
1836,2025-07-01 03:00:00,3312.67,3314.78,3309.97,3314.72,2840,10,0
1837,2025-07-01 04:00:00,3314.78,3320.89,3314.13,3317.86,3881,12,0
1838,2025-07-01 05:00:00,3317.74,3319.39,3314.47,3316.15,3314,10,0
1839,2025-07-01 06:00:00,3316.08,3322.6,3315.78,3321.21,2994,7,0
1840,2025-07-01 07:00:00,3321.2,3323.05,3318.99,3322.93,2471,16,0
1841,2025-07-01 08:00:00,3322.95,3332.25,3322.91,3328.78,3427,6,0
1842,2025-07-01 09:00:00,3328.88,3334.51,3325.11,3331.34,3619,5,0
1843,2025-07-01 10:00:00,3331.48,3339.89,3330.77,3339.55,3976,5,0
1844,2025-07-01 11:00:00,3339.49,3342.28,3336.84,3339.49,3405,5,0
1845,2025-07-01 12:00:00,3339.53,3348.03,3338.2,3345.75,3582,9,0
1846,2025-07-01 13:00:00,3345.81,3349.67,3344.43,3348.68,3264,5,0
1847,2025-07-01 14:00:00,3348.66,3352.92,3347.08,3349.03,3701,5,0
1848,2025-07-01 15:00:00,3349.1,3357.92,3348.29,3354.51,4175,9,0
1849,2025-07-01 16:00:00,3354.6,3355.55,3344.56,3351.18,4658,6,0
1850,2025-07-01 17:00:00,3350.8,3354.37,3343.66,3345.67,4630,5,0
1851,2025-07-01 18:00:00,3345.73,3346.57,3337.07,3340.24,4321,9,0
1852,2025-07-01 19:00:00,3340.25,3343.49,3337.61,3341.75,3697,10,0
1853,2025-07-01 20:00:00,3341.75,3342.18,3336.99,3339.73,3435,14,0
1854,2025-07-01 21:00:00,3339.67,3339.84,3336.86,3337.94,2768,15,0
1855,2025-07-01 22:00:00,3337.96,3340.02,3336.89,3338.06,3217,15,0
1856,2025-07-01 23:00:00,3337.83,3340.38,3336.92,3338.78,1562,15,0
1857,2025-07-02 01:00:00,3338.98,3343.76,3336.7,3341.55,2373,5,0
1858,2025-07-02 02:00:00,3341.77,3341.8,3336.83,3338.1,2283,15,0
1859,2025-07-02 03:00:00,3338.12,3344.9,3334.89,3338.93,3294,11,0
1860,2025-07-02 04:00:00,3339.0,3342.89,3330.99,3332.22,3631,10,0
1861,2025-07-02 05:00:00,3332.17,3338.13,3328.88,3336.73,3346,15,0
1862,2025-07-02 06:00:00,3336.96,3342.06,3334.94,3339.97,2973,12,0
1863,2025-07-02 07:00:00,3339.95,3342.0,3339.5,3340.11,2167,14,0
1864,2025-07-02 08:00:00,3340.08,3343.86,3336.6,3338.74,3016,11,0
1865,2025-07-02 09:00:00,3338.83,3339.3,3329.88,3333.41,3403,11,0
1866,2025-07-02 10:00:00,3333.13,3336.72,3327.61,3334.63,3607,5,0
1867,2025-07-02 11:00:00,3334.5,3337.97,3332.93,3333.59,3028,15,0
1868,2025-07-02 12:00:00,3333.52,3342.12,3333.08,3341.67,3178,14,0
1869,2025-07-02 13:00:00,3341.65,3345.61,3340.63,3344.35,2677,8,0
1870,2025-07-02 14:00:00,3344.38,3347.72,3339.83,3342.21,3096,15,0
1871,2025-07-02 15:00:00,3342.2,3351.12,3337.75,3346.64,4278,6,0
1872,2025-07-02 16:00:00,3346.54,3346.54,3334.96,3337.44,4452,11,0
1873,2025-07-02 17:00:00,3337.66,3343.53,3333.89,3342.98,4036,6,0
1874,2025-07-02 18:00:00,3342.99,3343.7,3338.73,3340.82,3730,13,0
1875,2025-07-02 19:00:00,3340.98,3349.19,3340.95,3348.65,3452,9,0
1876,2025-07-02 20:00:00,3348.41,3350.46,3347.4,3349.71,2742,5,0
1877,2025-07-02 21:00:00,3349.76,3355.19,3348.56,3354.97,2699,10,0
1878,2025-07-02 22:00:00,3354.99,3359.45,3354.63,3358.2,3241,5,0
1879,2025-07-02 23:00:00,3358.14,3360.1,3355.64,3356.93,1528,13,0
1880,2025-07-03 01:00:00,3358.07,3365.74,3357.77,3361.93,2300,5,0
1881,2025-07-03 02:00:00,3361.95,3362.29,3348.82,3349.32,3018,15,0
1882,2025-07-03 03:00:00,3349.48,3349.83,3346.36,3346.38,210,16,0
1883,2025-07-03 12:00:00,3353.14,3353.43,3343.9,3345.68,2888,7,0
1884,2025-07-03 13:00:00,3345.74,3355.33,3344.78,3352.98,3095,5,0
1885,2025-07-03 14:00:00,3353.02,3353.61,3343.04,3346.05,3213,12,0
1886,2025-07-03 15:00:00,3345.9,3352.26,3311.69,3324.47,4898,5,0
1887,2025-07-03 16:00:00,3324.23,3338.44,3322.11,3332.19,5212,10,0
1888,2025-07-03 17:00:00,3331.93,3334.67,3323.48,3324.59,4823,7,0
1889,2025-07-03 18:00:00,3324.57,3331.47,3323.15,3328.02,3815,15,0
1890,2025-07-03 19:00:00,3328.14,3334.64,3325.73,3333.88,3373,7,0
1891,2025-07-03 20:00:00,3333.83,3334.8,3328.9,3329.1,2078,9,0
1892,2025-07-03 21:00:00,3329.03,3330.25,3327.9,3329.05,1274,9,0
1893,2025-07-03 22:00:00,3329.03,3329.49,3327.09,3328.75,1169,9,0
1894,2025-07-03 23:00:00,3328.69,3328.87,3325.26,3325.92,1038,12,0
1895,2025-07-04 01:00:00,3325.52,3329.63,3323.59,3329.15,1563,8,0
1896,2025-07-04 02:00:00,3329.08,3332.02,3328.51,3330.83,2074,15,0
1897,2025-07-04 03:00:00,3330.94,3331.16,3325.87,3328.96,2714,15,0
1898,2025-07-04 04:00:00,3328.96,3329.22,3326.48,3327.68,277,15,0
1899,2025-07-04 10:00:00,3337.62,3343.33,3336.94,3342.95,1704,15,0
1900,2025-07-04 11:00:00,3342.97,3344.18,3340.89,3342.84,2656,9,0
1901,2025-07-04 12:00:00,3342.82,3343.08,3333.05,3334.56,2991,5,0
1902,2025-07-04 13:00:00,3334.35,3338.0,3331.55,3336.82,2608,13,0
1903,2025-07-04 14:00:00,3336.8,3337.43,3334.39,3334.76,1516,12,0
1904,2025-07-04 15:00:00,3334.73,3337.77,3331.42,3333.87,2948,13,0
1905,2025-07-04 16:00:00,3333.94,3337.99,3332.23,3333.85,3100,5,0
1906,2025-07-04 17:00:00,3333.85,3334.16,3330.89,3333.25,2803,14,0
1907,2025-07-04 18:00:00,3333.25,3333.93,3330.88,3332.43,1899,11,0
1908,2025-07-04 19:00:00,3332.41,3337.39,3332.31,3337.04,1775,5,0
1909,2025-07-07 01:00:00,3335.92,3342.76,3332.44,3333.42,2801,8,0
1910,2025-07-07 02:00:00,3333.52,3334.46,3326.24,3328.83,2811,16,0
1911,2025-07-07 03:00:00,3328.86,3329.57,3321.76,3326.53,3441,16,0
1912,2025-07-07 04:00:00,3326.56,3327.67,3306.67,3316.55,4386,5,0
1913,2025-07-07 05:00:00,3316.69,3317.74,3306.23,3308.95,3700,5,0
1914,2025-07-07 06:00:00,3308.9,3315.27,3307.11,3310.86,3397,16,0
1915,2025-07-07 07:00:00,3311.25,3312.3,3305.35,3307.72,3250,16,0
1916,2025-07-07 08:00:00,3307.75,3315.12,3307.06,3313.38,3483,16,0
1917,2025-07-07 09:00:00,3313.25,3315.12,3308.49,3309.95,3807,9,0
1918,2025-07-07 10:00:00,3310.17,3313.26,3300.69,3302.24,3745,5,0
1919,2025-07-07 11:00:00,3302.29,3312.58,3301.25,3310.1,3670,15,0
1920,2025-07-07 12:00:00,3309.95,3311.87,3306.12,3308.96,3419,15,0
1921,2025-07-07 13:00:00,3309.27,3310.72,3296.45,3302.06,3816,5,0
1922,2025-07-07 14:00:00,3302.1,3307.58,3299.72,3301.78,4037,15,0
1923,2025-07-07 15:00:00,3301.98,3312.55,3300.6,3309.6,4393,16,0
1924,2025-07-07 16:00:00,3309.57,3317.04,3306.21,3316.31,4650,5,0
1925,2025-07-07 17:00:00,3316.55,3321.3,3313.28,3317.98,4321,5,0
1926,2025-07-07 18:00:00,3317.96,3321.99,3316.13,3320.84,3418,5,0
1927,2025-07-07 19:00:00,3320.82,3328.02,3320.12,3327.4,3951,5,0
1928,2025-07-07 20:00:00,3327.42,3335.82,3327.42,3332.03,3934,5,0
1929,2025-07-07 21:00:00,3331.99,3335.69,3328.48,3334.38,3387,8,0
1930,2025-07-07 22:00:00,3334.34,3340.37,3334.34,3337.05,3230,5,0
1931,2025-07-07 23:00:00,3337.31,3338.02,3335.48,3336.16,1659,11,0
1932,2025-07-08 01:00:00,3338.99,3345.76,3338.9,3339.7,2253,9,0
1933,2025-07-08 02:00:00,3339.75,3340.04,3333.99,3334.62,2509,8,0
1934,2025-07-08 03:00:00,3334.69,3337.28,3331.29,3334.22,3810,5,0
1935,2025-07-08 04:00:00,3334.08,3336.94,3329.67,3334.78,4233,5,0
1936,2025-07-08 05:00:00,3334.73,3337.98,3332.92,3334.47,3546,5,0
1937,2025-07-08 06:00:00,3334.34,3335.48,3329.6,3331.5,2832,5,0
1938,2025-07-08 07:00:00,3331.33,3332.78,3327.51,3329.62,2678,16,0
1939,2025-07-08 08:00:00,3329.56,3336.49,3329.46,3334.07,3253,7,0
1940,2025-07-08 09:00:00,3334.06,3336.01,3330.87,3335.83,3528,5,0
1941,2025-07-08 10:00:00,3336.3,3339.46,3330.49,3333.92,3836,6,0
1942,2025-07-08 11:00:00,3333.87,3333.87,3323.35,3323.72,4293,5,0
1943,2025-07-08 12:00:00,3323.67,3326.76,3321.2,3322.05,3552,5,0
1944,2025-07-08 13:00:00,3322.06,3327.08,3320.47,3324.55,3035,11,0
1945,2025-07-08 14:00:00,3324.7,3327.44,3320.06,3324.97,3389,5,0
1946,2025-07-08 15:00:00,3325.0,3329.85,3324.77,3328.22,3949,7,0
1947,2025-07-08 16:00:00,3328.2,3328.64,3314.74,3315.27,5189,5,0
1948,2025-07-08 17:00:00,3315.08,3315.79,3294.41,3296.49,5870,5,0
1949,2025-07-08 18:00:00,3296.55,3300.28,3287.13,3298.21,4978,5,0
1950,2025-07-08 19:00:00,3298.25,3301.57,3295.96,3300.37,4198,5,0
1951,2025-07-08 20:00:00,3300.54,3310.3,3299.35,3306.33,4747,8,0
1952,2025-07-08 21:00:00,3306.28,3308.1,3300.55,3305.38,3597,5,0
1953,2025-07-08 22:00:00,3305.41,3306.09,3302.5,3302.99,3541,10,0
1954,2025-07-08 23:00:00,3302.61,3303.73,3299.4,3301.48,1889,5,0
1955,2025-07-09 01:00:00,3302.39,3303.97,3300.34,3301.58,2015,6,0
1956,2025-07-09 02:00:00,3301.6,3303.92,3297.26,3302.32,2721,8,0
1957,2025-07-09 03:00:00,3302.59,3307.91,3301.97,3307.01,2936,12,0
1958,2025-07-09 04:00:00,3307.13,3307.27,3299.29,3301.83,3593,9,0
1959,2025-07-09 05:00:00,3301.79,3302.86,3286.62,3288.4,3630,12,0
1960,2025-07-09 06:00:00,3288.54,3294.7,3284.96,3293.31,3254,7,0
1961,2025-07-09 07:00:00,3293.55,3296.38,3291.3,3293.99,2423,6,0
1962,2025-07-09 08:00:00,3293.97,3297.8,3289.11,3289.37,3334,5,0
1963,2025-07-09 09:00:00,3289.52,3292.71,3285.83,3292.26,3685,6,0
1964,2025-07-09 10:00:00,3292.32,3295.97,3288.24,3291.94,3682,5,0
1965,2025-07-09 11:00:00,3291.75,3292.59,3282.77,3284.98,3660,9,0
1966,2025-07-09 12:00:00,3284.94,3290.21,3284.37,3289.06,3054,14,0
1967,2025-07-09 13:00:00,3289.22,3295.94,3288.3,3295.31,2888,12,0
1968,2025-07-09 14:00:00,3295.47,3295.85,3283.26,3284.85,3251,6,0
1969,2025-07-09 15:00:00,3284.93,3297.49,3284.93,3296.42,3876,10,0
1970,2025-07-09 16:00:00,3296.27,3305.13,3291.95,3300.26,4552,7,0
1971,2025-07-09 17:00:00,3300.3,3312.86,3299.94,3312.25,4660,5,0
1972,2025-07-09 18:00:00,3312.36,3312.81,3306.39,3309.63,3812,12,0
1973,2025-07-09 19:00:00,3309.54,3313.26,3307.95,3311.89,3269,10,0
1974,2025-07-09 20:00:00,3311.74,3314.59,3308.06,3309.5,3286,11,0
1975,2025-07-09 21:00:00,3309.46,3313.7,3308.07,3311.47,3295,8,0
1976,2025-07-09 22:00:00,3311.43,3316.79,3310.95,3315.6,3262,8,0
1977,2025-07-09 23:00:00,3315.7,3315.73,3311.56,3313.55,1620,13,0
1978,2025-07-10 01:00:00,3314.0,3321.17,3313.52,3319.56,1938,5,0
1979,2025-07-10 02:00:00,3319.55,3319.7,3315.78,3317.63,1935,16,0
1980,2025-07-10 03:00:00,3317.62,3321.82,3316.62,3317.68,3094,14,0
1981,2025-07-10 04:00:00,3317.66,3326.3,3316.51,3322.17,3436,7,0
1982,2025-07-10 05:00:00,3322.23,3323.62,3318.24,3319.16,2733,13,0
1983,2025-07-10 06:00:00,3319.2,3320.2,3315.44,3315.72,2513,14,0
1984,2025-07-10 07:00:00,3315.71,3322.51,3314.82,3322.22,2091,14,0
1985,2025-07-10 08:00:00,3322.25,3325.07,3320.66,3321.11,2874,7,0
1986,2025-07-10 09:00:00,3321.1,3328.32,3320.89,3325.31,3221,8,0
1987,2025-07-10 10:00:00,3325.23,3329.4,3319.91,3321.05,3377,11,0
1988,2025-07-10 11:00:00,3321.11,3330.11,3319.89,3328.69,2919,5,0
1989,2025-07-10 12:00:00,3328.63,3330.22,3323.25,3326.44,3029,8,0
1990,2025-07-10 13:00:00,3326.5,3328.73,3322.26,3325.28,3186,9,0
1991,2025-07-10 14:00:00,3325.29,3330.25,3318.33,3320.42,3553,5,0
1992,2025-07-10 15:00:00,3320.47,3326.07,3317.98,3323.83,3809,5,0
1993,2025-07-10 16:00:00,3323.9,3329.48,3322.06,3323.8,2528,5,0
1994,2025-07-16 01:00:00,3324.68,3327.63,3323.78,3326.57,1491,7,0
1995,2025-07-16 02:00:00,3326.59,3331.76,3326.32,3331.09,1889,6,0
1996,2025-07-16 03:00:00,3331.13,3332.76,3328.92,3330.5,2895,12,0
1997,2025-07-16 04:00:00,3330.75,3334.94,3328.93,3330.94,3741,11,0
1998,2025-07-16 05:00:00,3331.1,3331.49,3325.11,3326.13,3247,13,0
1999,2025-07-16 06:00:00,3326.13,3330.32,3325.98,3328.13,720,10,0
